{"header": {"world": 1, "level": 3, "worldSpawn": [70, 200]}, "tilemap": {"3;4": {"type": "grass", "variant": 15, "pos": [3, 4]}, "3;3": {"type": "grass", "variant": 15, "pos": [3, 3]}, "3;10": {"type": "stone", "variant": 11, "pos": [3, 10]}, "3;11": {"type": "stone", "variant": 4, "pos": [3, 11]}, "2;10": {"type": "stone", "variant": 6, "pos": [2, 10]}, "2;9": {"type": "stone", "variant": 6, "pos": [2, 9]}, "2;11": {"type": "stone", "variant": 12, "pos": [2, 11]}, "2;12": {"type": "stone", "variant": 11, "pos": [2, 12]}, "2;13": {"type": "stone", "variant": 11, "pos": [2, 13]}, "2;14": {"type": "stone", "variant": 11, "pos": [2, 14]}, "2;15": {"type": "stone", "variant": 1, "pos": [2, 15]}, "4;5": {"type": "grass", "variant": 3, "pos": [4, 5]}, "5;8": {"type": "grass", "variant": 3, "pos": [5, 8]}, "3;9": {"type": "stone", "variant": 12, "pos": [3, 9]}, "5;9": {"type": "stone", "variant": 2, "pos": [5, 9]}, "4;9": {"type": "stone", "variant": 14, "pos": [4, 9]}, "6;14": {"type": "stone", "variant": 0, "pos": [6, 14]}, "7;12": {"type": "stone", "variant": 0, "pos": [7, 12]}, "10;11": {"type": "grass", "variant": 2, "pos": [10, 11]}, "14;10": {"type": "grass", "variant": 2, "pos": [14, 10]}, "17;10": {"type": "grass", "variant": 3, "pos": [17, 10]}, "21;9": {"type": "grass", "variant": 2, "pos": [21, 9]}, "26;7": {"type": "grass", "variant": 2, "pos": [26, 7]}, "32;7": {"type": "grass", "variant": 2, "pos": [32, 7]}, "4;6": {"type": "grass", "variant": 15, "pos": [4, 6]}, "4;7": {"type": "grass", "variant": 15, "pos": [4, 7]}, "4;8": {"type": "grass", "variant": 16, "pos": [4, 8]}, "3;5": {"type": "grass", "variant": 16, "pos": [3, 5]}, "14;11": {"type": "grass", "variant": 1, "pos": [14, 11]}, "10;12": {"type": "grass", "variant": 1, "pos": [10, 12]}, "9;12": {"type": "grass", "variant": 4, "pos": [9, 12]}, "8;12": {"type": "grass", "variant": 4, "pos": [8, 12]}, "11;11": {"type": "grass", "variant": 4, "pos": [11, 11]}, "12;11": {"type": "grass", "variant": 4, "pos": [12, 11]}, "13;11": {"type": "grass", "variant": 4, "pos": [13, 11]}, "15;10": {"type": "grass", "variant": 4, "pos": [15, 10]}, "16;10": {"type": "grass", "variant": 4, "pos": [16, 10]}, "22;9": {"type": "grass", "variant": 4, "pos": [22, 9]}, "27;7": {"type": "grass", "variant": 4, "pos": [27, 7]}, "28;7": {"type": "grass", "variant": 4, "pos": [28, 7]}, "23;9": {"type": "grass", "variant": 3, "pos": [23, 9]}, "29;7": {"type": "grass", "variant": 3, "pos": [29, 7]}, "33;7": {"type": "grass", "variant": 4, "pos": [33, 7]}, "37;3": {"type": "grass", "variant": 5, "pos": [37, 3]}, "38;3": {"type": "grass", "variant": 6, "pos": [38, 3]}, "39;3": {"type": "grass", "variant": 6, "pos": [39, 3]}, "40;3": {"type": "grass", "variant": 7, "pos": [40, 3]}, "42;2": {"type": "grass", "variant": 5, "pos": [42, 2]}, "45;2": {"type": "grass", "variant": 6, "pos": [45, 2]}, "48;0": {"type": "grass", "variant": 5, "pos": [48, 0]}, "46;2": {"type": "grass", "variant": 7, "pos": [46, 2]}, "50;0": {"type": "grass", "variant": 7, "pos": [50, 0]}, "54;-2": {"type": "grass", "variant": 5, "pos": [54, -2]}, "56;-2": {"type": "grass", "variant": 7, "pos": [56, -2]}, "55;-2": {"type": "grass", "variant": 6, "pos": [55, -2]}, "49;0": {"type": "grass", "variant": 6, "pos": [49, 0]}, "43;2": {"type": "grass", "variant": 6, "pos": [43, 2]}, "44;2": {"type": "grass", "variant": 6, "pos": [44, 2]}, "34;7": {"type": "grass", "variant": 3, "pos": [34, 7]}, "35;14": {"type": "grass", "variant": 4, "pos": [35, 14]}, "36;14": {"type": "grass", "variant": 4, "pos": [36, 14]}, "37;14": {"type": "grass", "variant": 4, "pos": [37, 14]}, "38;14": {"type": "grass", "variant": 4, "pos": [38, 14]}, "39;14": {"type": "grass", "variant": 4, "pos": [39, 14]}, "40;14": {"type": "grass", "variant": 4, "pos": [40, 14]}, "44;12": {"type": "grass", "variant": 4, "pos": [44, 12]}, "45;12": {"type": "grass", "variant": 4, "pos": [45, 12]}, "46;12": {"type": "grass", "variant": 4, "pos": [46, 12]}, "51;13": {"type": "grass", "variant": 4, "pos": [51, 13]}, "52;13": {"type": "grass", "variant": 4, "pos": [52, 13]}, "43;12": {"type": "grass", "variant": 2, "pos": [43, 12]}, "50;13": {"type": "grass", "variant": 2, "pos": [50, 13]}, "53;13": {"type": "grass", "variant": 3, "pos": [53, 13]}, "41;14": {"type": "grass", "variant": 3, "pos": [41, 14]}, "47;12": {"type": "grass", "variant": 3, "pos": [47, 12]}, "56;14": {"type": "grass", "variant": 2, "pos": [56, 14]}, "59;13": {"type": "grass", "variant": 2, "pos": [59, 13]}, "61;12": {"type": "grass", "variant": 2, "pos": [61, 12]}, "62;10": {"type": "grass", "variant": 2, "pos": [62, 10]}, "63;10": {"type": "grass", "variant": 3, "pos": [63, 10]}, "65;13": {"type": "grass", "variant": 3, "pos": [65, 13]}, "68;9": {"type": "grass", "variant": 2, "pos": [68, 9]}, "69;9": {"type": "grass", "variant": 4, "pos": [69, 9]}, "70;9": {"type": "grass", "variant": 3, "pos": [70, 9]}, "60;13": {"type": "grass", "variant": 4, "pos": [60, 13]}, "57;14": {"type": "grass", "variant": 4, "pos": [57, 14]}, "58;14": {"type": "grass", "variant": 4, "pos": [58, 14]}, "64;13": {"type": "grass", "variant": 4, "pos": [64, 13]}, "43;13": {"type": "grass", "variant": 14, "pos": [43, 13]}, "43;14": {"type": "grass", "variant": 14, "pos": [43, 14]}, "43;15": {"type": "grass", "variant": 14, "pos": [43, 15]}, "50;14": {"type": "grass", "variant": 14, "pos": [50, 14]}, "50;15": {"type": "grass", "variant": 14, "pos": [50, 15]}, "56;15": {"type": "grass", "variant": 14, "pos": [56, 15]}, "62;11": {"type": "grass", "variant": 14, "pos": [62, 11]}, "68;10": {"type": "grass", "variant": 14, "pos": [68, 10]}, "68;11": {"type": "grass", "variant": 14, "pos": [68, 11]}, "68;12": {"type": "grass", "variant": 14, "pos": [68, 12]}, "68;13": {"type": "grass", "variant": 14, "pos": [68, 13]}, "68;14": {"type": "grass", "variant": 14, "pos": [68, 14]}, "68;15": {"type": "grass", "variant": 14, "pos": [68, 15]}, "70;10": {"type": "grass", "variant": 15, "pos": [70, 10]}, "70;11": {"type": "grass", "variant": 15, "pos": [70, 11]}, "70;12": {"type": "grass", "variant": 15, "pos": [70, 12]}, "70;13": {"type": "grass", "variant": 15, "pos": [70, 13]}, "70;14": {"type": "grass", "variant": 15, "pos": [70, 14]}, "70;15": {"type": "grass", "variant": 15, "pos": [70, 15]}, "63;11": {"type": "grass", "variant": 15, "pos": [63, 11]}, "63;12": {"type": "grass", "variant": 15, "pos": [63, 12]}, "65;14": {"type": "grass", "variant": 15, "pos": [65, 14]}, "65;15": {"type": "grass", "variant": 15, "pos": [65, 15]}, "53;14": {"type": "grass", "variant": 15, "pos": [53, 14]}, "53;15": {"type": "grass", "variant": 15, "pos": [53, 15]}, "47;13": {"type": "grass", "variant": 15, "pos": [47, 13]}, "47;14": {"type": "grass", "variant": 15, "pos": [47, 14]}, "47;15": {"type": "grass", "variant": 15, "pos": [47, 15]}, "41;15": {"type": "grass", "variant": 15, "pos": [41, 15]}, "34;8": {"type": "grass", "variant": 15, "pos": [34, 8]}, "34;9": {"type": "grass", "variant": 15, "pos": [34, 9]}, "34;10": {"type": "grass", "variant": 15, "pos": [34, 10]}, "34;11": {"type": "grass", "variant": 15, "pos": [34, 11]}, "34;12": {"type": "grass", "variant": 15, "pos": [34, 12]}, "34;13": {"type": "grass", "variant": 15, "pos": [34, 13]}, "29;8": {"type": "grass", "variant": 15, "pos": [29, 8]}, "29;9": {"type": "grass", "variant": 15, "pos": [29, 9]}, "29;10": {"type": "grass", "variant": 15, "pos": [29, 10]}, "29;11": {"type": "grass", "variant": 15, "pos": [29, 11]}, "29;12": {"type": "grass", "variant": 15, "pos": [29, 12]}, "29;13": {"type": "grass", "variant": 15, "pos": [29, 13]}, "29;14": {"type": "grass", "variant": 15, "pos": [29, 14]}, "23;10": {"type": "grass", "variant": 15, "pos": [23, 10]}, "23;11": {"type": "grass", "variant": 15, "pos": [23, 11]}, "23;12": {"type": "grass", "variant": 15, "pos": [23, 12]}, "23;13": {"type": "grass", "variant": 15, "pos": [23, 13]}, "23;14": {"type": "grass", "variant": 15, "pos": [23, 14]}, "23;15": {"type": "grass", "variant": 15, "pos": [23, 15]}, "17;11": {"type": "grass", "variant": 15, "pos": [17, 11]}, "17;12": {"type": "grass", "variant": 15, "pos": [17, 12]}, "17;13": {"type": "grass", "variant": 15, "pos": [17, 13]}, "17;14": {"type": "grass", "variant": 15, "pos": [17, 14]}, "17;15": {"type": "grass", "variant": 15, "pos": [17, 15]}, "34;14": {"type": "grass", "variant": 16, "pos": [34, 14]}, "63;13": {"type": "grass", "variant": 16, "pos": [63, 13]}, "61;13": {"type": "grass", "variant": 1, "pos": [61, 13]}, "62;12": {"type": "grass", "variant": 1, "pos": [62, 12]}, "59;14": {"type": "grass", "variant": 1, "pos": [59, 14]}, "7;13": {"type": "stone", "variant": 5, "pos": [7, 13]}, "7;14": {"type": "stone", "variant": 2, "pos": [7, 14]}, "6;15": {"type": "stone", "variant": 2, "pos": [6, 15]}, "21;10": {"type": "grass", "variant": 14, "pos": [21, 10]}, "21;11": {"type": "grass", "variant": 14, "pos": [21, 11]}, "21;12": {"type": "grass", "variant": 14, "pos": [21, 12]}, "21;13": {"type": "grass", "variant": 14, "pos": [21, 13]}, "21;14": {"type": "grass", "variant": 14, "pos": [21, 14]}, "21;15": {"type": "grass", "variant": 14, "pos": [21, 15]}, "26;8": {"type": "grass", "variant": 14, "pos": [26, 8]}, "26;9": {"type": "grass", "variant": 14, "pos": [26, 9]}, "26;10": {"type": "grass", "variant": 14, "pos": [26, 10]}, "26;11": {"type": "grass", "variant": 14, "pos": [26, 11]}, "26;12": {"type": "grass", "variant": 14, "pos": [26, 12]}, "26;13": {"type": "grass", "variant": 14, "pos": [26, 13]}, "26;14": {"type": "grass", "variant": 14, "pos": [26, 14]}, "26;15": {"type": "grass", "variant": 14, "pos": [26, 15]}, "32;8": {"type": "grass", "variant": 14, "pos": [32, 8]}, "32;9": {"type": "grass", "variant": 14, "pos": [32, 9]}, "32;10": {"type": "grass", "variant": 14, "pos": [32, 10]}, "32;11": {"type": "grass", "variant": 14, "pos": [32, 11]}, "32;12": {"type": "grass", "variant": 14, "pos": [32, 12]}, "32;13": {"type": "grass", "variant": 14, "pos": [32, 13]}, "32;14": {"type": "grass", "variant": 14, "pos": [32, 14]}, "32;15": {"type": "grass", "variant": 14, "pos": [32, 15]}, "40;15": {"type": "grass", "variant": 0, "pos": [40, 15]}, "39;15": {"type": "grass", "variant": 0, "pos": [39, 15]}, "38;15": {"type": "grass", "variant": 0, "pos": [38, 15]}, "37;15": {"type": "grass", "variant": 0, "pos": [37, 15]}, "36;15": {"type": "grass", "variant": 0, "pos": [36, 15]}, "35;15": {"type": "grass", "variant": 0, "pos": [35, 15]}, "34;15": {"type": "grass", "variant": 0, "pos": [34, 15]}, "33;15": {"type": "grass", "variant": 0, "pos": [33, 15]}, "33;14": {"type": "grass", "variant": 0, "pos": [33, 14]}, "33;13": {"type": "grass", "variant": 0, "pos": [33, 13]}, "33;12": {"type": "grass", "variant": 0, "pos": [33, 12]}, "33;11": {"type": "grass", "variant": 0, "pos": [33, 11]}, "33;10": {"type": "grass", "variant": 0, "pos": [33, 10]}, "33;9": {"type": "grass", "variant": 0, "pos": [33, 9]}, "33;8": {"type": "grass", "variant": 0, "pos": [33, 8]}, "27;8": {"type": "grass", "variant": 0, "pos": [27, 8]}, "28;8": {"type": "grass", "variant": 0, "pos": [28, 8]}, "28;9": {"type": "grass", "variant": 0, "pos": [28, 9]}, "27;9": {"type": "grass", "variant": 0, "pos": [27, 9]}, "27;10": {"type": "grass", "variant": 0, "pos": [27, 10]}, "27;11": {"type": "grass", "variant": 0, "pos": [27, 11]}, "28;11": {"type": "grass", "variant": 0, "pos": [28, 11]}, "28;10": {"type": "grass", "variant": 0, "pos": [28, 10]}, "28;12": {"type": "grass", "variant": 0, "pos": [28, 12]}, "28;13": {"type": "grass", "variant": 0, "pos": [28, 13]}, "28;14": {"type": "grass", "variant": 0, "pos": [28, 14]}, "28;15": {"type": "grass", "variant": 0, "pos": [28, 15]}, "27;15": {"type": "grass", "variant": 0, "pos": [27, 15]}, "27;14": {"type": "grass", "variant": 0, "pos": [27, 14]}, "27;13": {"type": "grass", "variant": 0, "pos": [27, 13]}, "27;12": {"type": "grass", "variant": 0, "pos": [27, 12]}, "22;15": {"type": "grass", "variant": 0, "pos": [22, 15]}, "22;14": {"type": "grass", "variant": 0, "pos": [22, 14]}, "22;13": {"type": "grass", "variant": 0, "pos": [22, 13]}, "22;12": {"type": "grass", "variant": 0, "pos": [22, 12]}, "22;11": {"type": "grass", "variant": 0, "pos": [22, 11]}, "22;10": {"type": "grass", "variant": 0, "pos": [22, 10]}, "16;11": {"type": "grass", "variant": 0, "pos": [16, 11]}, "15;11": {"type": "grass", "variant": 0, "pos": [15, 11]}, "16;12": {"type": "grass", "variant": 0, "pos": [16, 12]}, "16;13": {"type": "grass", "variant": 0, "pos": [16, 13]}, "16;14": {"type": "grass", "variant": 0, "pos": [16, 14]}, "16;15": {"type": "grass", "variant": 0, "pos": [16, 15]}, "15;14": {"type": "grass", "variant": 0, "pos": [15, 14]}, "14;14": {"type": "grass", "variant": 0, "pos": [14, 14]}, "14;15": {"type": "grass", "variant": 0, "pos": [14, 15]}, "13;15": {"type": "grass", "variant": 0, "pos": [13, 15]}, "15;15": {"type": "grass", "variant": 0, "pos": [15, 15]}, "15;13": {"type": "grass", "variant": 0, "pos": [15, 13]}, "15;12": {"type": "grass", "variant": 0, "pos": [15, 12]}, "14;12": {"type": "grass", "variant": 0, "pos": [14, 12]}, "14;13": {"type": "grass", "variant": 0, "pos": [14, 13]}, "13;13": {"type": "grass", "variant": 0, "pos": [13, 13]}, "13;12": {"type": "grass", "variant": 0, "pos": [13, 12]}, "13;14": {"type": "grass", "variant": 0, "pos": [13, 14]}, "12;15": {"type": "grass", "variant": 0, "pos": [12, 15]}, "12;14": {"type": "grass", "variant": 0, "pos": [12, 14]}, "12;13": {"type": "grass", "variant": 0, "pos": [12, 13]}, "12;12": {"type": "grass", "variant": 0, "pos": [12, 12]}, "11;12": {"type": "grass", "variant": 0, "pos": [11, 12]}, "11;13": {"type": "grass", "variant": 0, "pos": [11, 13]}, "11;14": {"type": "grass", "variant": 0, "pos": [11, 14]}, "11;15": {"type": "grass", "variant": 0, "pos": [11, 15]}, "10;15": {"type": "grass", "variant": 0, "pos": [10, 15]}, "9;15": {"type": "grass", "variant": 0, "pos": [9, 15]}, "8;15": {"type": "stone", "variant": 6, "pos": [8, 15]}, "7;15": {"type": "stone", "variant": 6, "pos": [7, 15]}, "8;14": {"type": "stone", "variant": 6, "pos": [8, 14]}, "8;13": {"type": "grass", "variant": 0, "pos": [8, 13]}, "9;13": {"type": "grass", "variant": 0, "pos": [9, 13]}, "9;14": {"type": "grass", "variant": 0, "pos": [9, 14]}, "10;14": {"type": "grass", "variant": 0, "pos": [10, 14]}, "10;13": {"type": "grass", "variant": 0, "pos": [10, 13]}, "1;15": {"type": "stone", "variant": 6, "pos": [1, 15]}, "0;15": {"type": "stone", "variant": 6, "pos": [0, 15]}, "-1;15": {"type": "stone", "variant": 6, "pos": [-1, 15]}, "-2;15": {"type": "stone", "variant": 6, "pos": [-2, 15]}, "-1;14": {"type": "stone", "variant": 6, "pos": [-1, 14]}, "-2;14": {"type": "stone", "variant": 6, "pos": [-2, 14]}, "1;14": {"type": "stone", "variant": 6, "pos": [1, 14]}, "0;14": {"type": "stone", "variant": 6, "pos": [0, 14]}, "1;13": {"type": "stone", "variant": 6, "pos": [1, 13]}, "1;12": {"type": "stone", "variant": 6, "pos": [1, 12]}, "1;11": {"type": "stone", "variant": 6, "pos": [1, 11]}, "1;10": {"type": "stone", "variant": 6, "pos": [1, 10]}, "1;9": {"type": "stone", "variant": 6, "pos": [1, 9]}, "1;8": {"type": "stone", "variant": 6, "pos": [1, 8]}, "2;8": {"type": "stone", "variant": 6, "pos": [2, 8]}, "3;8": {"type": "stone", "variant": 6, "pos": [3, 8]}, "3;7": {"type": "stone", "variant": 6, "pos": [3, 7]}, "3;6": {"type": "stone", "variant": 6, "pos": [3, 6]}, "2;6": {"type": "stone", "variant": 6, "pos": [2, 6]}, "2;7": {"type": "stone", "variant": 6, "pos": [2, 7]}, "1;7": {"type": "stone", "variant": 6, "pos": [1, 7]}, "1;6": {"type": "stone", "variant": 6, "pos": [1, 6]}, "1;5": {"type": "stone", "variant": 6, "pos": [1, 5]}, "1;4": {"type": "stone", "variant": 6, "pos": [1, 4]}, "2;5": {"type": "stone", "variant": 6, "pos": [2, 5]}, "2;4": {"type": "stone", "variant": 6, "pos": [2, 4]}, "2;3": {"type": "stone", "variant": 6, "pos": [2, 3]}, "1;3": {"type": "stone", "variant": 6, "pos": [1, 3]}, "0;3": {"type": "stone", "variant": 6, "pos": [0, 3]}, "-1;3": {"type": "stone", "variant": 6, "pos": [-1, 3]}, "-2;3": {"type": "stone", "variant": 6, "pos": [-2, 3]}, "-2;4": {"type": "stone", "variant": 6, "pos": [-2, 4]}, "-2;5": {"type": "stone", "variant": 6, "pos": [-2, 5]}, "-2;6": {"type": "stone", "variant": 6, "pos": [-2, 6]}, "-2;7": {"type": "stone", "variant": 6, "pos": [-2, 7]}, "-2;8": {"type": "stone", "variant": 6, "pos": [-2, 8]}, "-2;9": {"type": "stone", "variant": 6, "pos": [-2, 9]}, "-2;10": {"type": "stone", "variant": 6, "pos": [-2, 10]}, "-2;11": {"type": "stone", "variant": 6, "pos": [-2, 11]}, "-1;12": {"type": "stone", "variant": 6, "pos": [-1, 12]}, "-1;13": {"type": "stone", "variant": 6, "pos": [-1, 13]}, "-2;13": {"type": "stone", "variant": 6, "pos": [-2, 13]}, "-2;12": {"type": "stone", "variant": 6, "pos": [-2, 12]}, "0;13": {"type": "stone", "variant": 6, "pos": [0, 13]}, "0;12": {"type": "stone", "variant": 6, "pos": [0, 12]}, "0;11": {"type": "stone", "variant": 6, "pos": [0, 11]}, "0;10": {"type": "stone", "variant": 6, "pos": [0, 10]}, "0;9": {"type": "stone", "variant": 6, "pos": [0, 9]}, "0;8": {"type": "stone", "variant": 6, "pos": [0, 8]}, "0;7": {"type": "stone", "variant": 6, "pos": [0, 7]}, "0;6": {"type": "stone", "variant": 6, "pos": [0, 6]}, "0;5": {"type": "stone", "variant": 6, "pos": [0, 5]}, "0;4": {"type": "stone", "variant": 6, "pos": [0, 4]}, "-1;4": {"type": "stone", "variant": 6, "pos": [-1, 4]}, "-1;5": {"type": "stone", "variant": 6, "pos": [-1, 5]}, "-1;6": {"type": "stone", "variant": 6, "pos": [-1, 6]}, "-1;7": {"type": "stone", "variant": 6, "pos": [-1, 7]}, "-1;8": {"type": "stone", "variant": 6, "pos": [-1, 8]}, "-1;9": {"type": "stone", "variant": 6, "pos": [-1, 9]}, "-1;10": {"type": "stone", "variant": 6, "pos": [-1, 10]}, "-1;11": {"type": "stone", "variant": 6, "pos": [-1, 11]}, "29;15": {"type": "grass", "variant": 15, "pos": [29, 15]}, "44;13": {"type": "grass", "variant": 0, "pos": [44, 13]}, "44;14": {"type": "grass", "variant": 0, "pos": [44, 14]}, "44;15": {"type": "grass", "variant": 0, "pos": [44, 15]}, "45;15": {"type": "grass", "variant": 0, "pos": [45, 15]}, "45;14": {"type": "grass", "variant": 0, "pos": [45, 14]}, "45;13": {"type": "grass", "variant": 0, "pos": [45, 13]}, "46;13": {"type": "grass", "variant": 0, "pos": [46, 13]}, "46;14": {"type": "grass", "variant": 0, "pos": [46, 14]}, "46;15": {"type": "grass", "variant": 0, "pos": [46, 15]}, "51;15": {"type": "grass", "variant": 0, "pos": [51, 15]}, "51;14": {"type": "grass", "variant": 0, "pos": [51, 14]}, "52;14": {"type": "grass", "variant": 0, "pos": [52, 14]}, "52;15": {"type": "grass", "variant": 0, "pos": [52, 15]}, "57;15": {"type": "grass", "variant": 0, "pos": [57, 15]}, "58;15": {"type": "grass", "variant": 0, "pos": [58, 15]}, "59;15": {"type": "grass", "variant": 0, "pos": [59, 15]}, "60;15": {"type": "grass", "variant": 0, "pos": [60, 15]}, "60;14": {"type": "grass", "variant": 0, "pos": [60, 14]}, "61;14": {"type": "grass", "variant": 0, "pos": [61, 14]}, "61;15": {"type": "grass", "variant": 0, "pos": [61, 15]}, "62;13": {"type": "grass", "variant": 0, "pos": [62, 13]}, "62;14": {"type": "grass", "variant": 0, "pos": [62, 14]}, "62;15": {"type": "grass", "variant": 0, "pos": [62, 15]}, "63;15": {"type": "grass", "variant": 0, "pos": [63, 15]}, "63;14": {"type": "grass", "variant": 0, "pos": [63, 14]}, "64;14": {"type": "grass", "variant": 0, "pos": [64, 14]}, "64;15": {"type": "grass", "variant": 0, "pos": [64, 15]}, "69;15": {"type": "grass", "variant": 0, "pos": [69, 15]}, "69;14": {"type": "grass", "variant": 0, "pos": [69, 14]}, "69;13": {"type": "grass", "variant": 0, "pos": [69, 13]}, "69;12": {"type": "grass", "variant": 0, "pos": [69, 12]}, "69;11": {"type": "grass", "variant": 0, "pos": [69, 11]}, "69;10": {"type": "grass", "variant": 0, "pos": [69, 10]}, "50;6": {"type": "grass", "variant": 5, "pos": [50, 6]}, "51;6": {"type": "grass", "variant": 6, "pos": [51, 6]}, "52;6": {"type": "grass", "variant": 6, "pos": [52, 6]}, "53;6": {"type": "grass", "variant": 6, "pos": [53, 6]}, "58;5": {"type": "grass", "variant": 6, "pos": [58, 5]}, "59;5": {"type": "grass", "variant": 6, "pos": [59, 5]}, "60;5": {"type": "grass", "variant": 6, "pos": [60, 5]}, "65;2": {"type": "grass", "variant": 6, "pos": [65, 2]}, "64;2": {"type": "grass", "variant": 6, "pos": [64, 2]}, "66;2": {"type": "grass", "variant": 6, "pos": [66, 2]}, "67;2": {"type": "grass", "variant": 7, "pos": [67, 2]}, "61;5": {"type": "grass", "variant": 7, "pos": [61, 5]}, "54;6": {"type": "grass", "variant": 7, "pos": [54, 6]}, "57;5": {"type": "grass", "variant": 5, "pos": [57, 5]}, "63;2": {"type": "grass", "variant": 5, "pos": [63, 2]}, "38;2": {"type": "coin", "variant": 0, "pos": [38, 2]}, "39;2": {"type": "coin", "variant": 0, "pos": [39, 2]}, "43;1": {"type": "coin", "variant": 0, "pos": [43, 1]}, "45;1": {"type": "coin", "variant": 0, "pos": [45, 1]}, "51;5": {"type": "coin", "variant": 0, "pos": [51, 5]}, "53;5": {"type": "coin", "variant": 0, "pos": [53, 5]}, "55;-3": {"type": "coin", "variant": 0, "pos": [55, -3]}, "49;-1": {"type": "coin", "variant": 0, "pos": [49, -1]}, "59;3": {"type": "coin", "variant": 0, "pos": [59, 3]}, "59;2": {"type": "coin", "variant": 0, "pos": [59, 2]}, "58;2": {"type": "coin", "variant": 0, "pos": [58, 2]}, "59;1": {"type": "coin", "variant": 0, "pos": [59, 1]}, "60;2": {"type": "coin", "variant": 0, "pos": [60, 2]}, "64;1": {"type": "coin", "variant": 0, "pos": [64, 1]}, "65;1": {"type": "coin", "variant": 0, "pos": [65, 1]}, "66;1": {"type": "coin", "variant": 0, "pos": [66, 1]}, "51;-2": {"type": "coin", "variant": 0, "pos": [51, -2]}, "53;-3": {"type": "coin", "variant": 0, "pos": [53, -3]}, "58;-2": {"type": "coin", "variant": 0, "pos": [58, -2]}, "59;-2": {"type": "coin", "variant": 0, "pos": [59, -2]}, "60;-2": {"type": "coin", "variant": 0, "pos": [60, -2]}, "60;-3": {"type": "coin", "variant": 0, "pos": [60, -3]}, "60;-4": {"type": "coin", "variant": 0, "pos": [60, -4]}, "59;-4": {"type": "coin", "variant": 0, "pos": [59, -4]}, "58;-4": {"type": "coin", "variant": 0, "pos": [58, -4]}, "58;-3": {"type": "coin", "variant": 0, "pos": [58, -3]}, "59;-3": {"type": "coin", "variant": 0, "pos": [59, -3]}, "58;1": {"type": "coin", "variant": 0, "pos": [58, 1]}, "60;1": {"type": "coin", "variant": 0, "pos": [60, 1]}, "58;3": {"type": "coin", "variant": 0, "pos": [58, 3]}, "60;3": {"type": "coin", "variant": 0, "pos": [60, 3]}, "3;15": {"type": "stone", "variant": 14, "pos": [3, 15]}, "4;15": {"type": "stone", "variant": 14, "pos": [4, 15]}, "5;15": {"type": "stone", "variant": 14, "pos": [5, 15]}, "73;8": {"type": "grass", "variant": 2, "pos": [73, 8]}, "77;7": {"type": "grass", "variant": 2, "pos": [77, 7]}, "79;6": {"type": "grass", "variant": 2, "pos": [79, 6]}, "81;7": {"type": "grass", "variant": 3, "pos": [81, 7]}, "84;4": {"type": "grass", "variant": 2, "pos": [84, 4]}, "86;3": {"type": "grass", "variant": 2, "pos": [86, 3]}, "88;3": {"type": "grass", "variant": 3, "pos": [88, 3]}, "89;4": {"type": "grass", "variant": 3, "pos": [89, 4]}, "90;5": {"type": "grass", "variant": 3, "pos": [90, 5]}, "92;6": {"type": "grass", "variant": 3, "pos": [92, 6]}, "95;6": {"type": "grass", "variant": 2, "pos": [95, 6]}, "97;5": {"type": "grass", "variant": 2, "pos": [97, 5]}, "98;4": {"type": "grass", "variant": 2, "pos": [98, 4]}, "99;2": {"type": "grass", "variant": 2, "pos": [99, 2]}, "100;1": {"type": "grass", "variant": 2, "pos": [100, 1]}, "101;0": {"type": "grass", "variant": 2, "pos": [101, 0]}, "103;-1": {"type": "grass", "variant": 2, "pos": [103, -1]}, "106;-2": {"type": "grass", "variant": 2, "pos": [106, -2]}, "105;-1": {"type": "grass", "variant": 4, "pos": [105, -1]}, "104;-1": {"type": "grass", "variant": 4, "pos": [104, -1]}, "102;0": {"type": "grass", "variant": 4, "pos": [102, 0]}, "96;6": {"type": "grass", "variant": 4, "pos": [96, 6]}, "91;6": {"type": "grass", "variant": 4, "pos": [91, 6]}, "87;3": {"type": "grass", "variant": 4, "pos": [87, 3]}, "85;4": {"type": "grass", "variant": 4, "pos": [85, 4]}, "78;7": {"type": "grass", "variant": 4, "pos": [78, 7]}, "74;8": {"type": "grass", "variant": 3, "pos": [74, 8]}, "80;6": {"type": "grass", "variant": 3, "pos": [80, 6]}, "106;-1": {"type": "grass", "variant": 1, "pos": [106, -1]}, "103;0": {"type": "grass", "variant": 1, "pos": [103, 0]}, "101;1": {"type": "grass", "variant": 1, "pos": [101, 1]}, "100;2": {"type": "grass", "variant": 1, "pos": [100, 2]}, "98;5": {"type": "grass", "variant": 1, "pos": [98, 5]}, "99;4": {"type": "grass", "variant": 1, "pos": [99, 4]}, "97;6": {"type": "grass", "variant": 1, "pos": [97, 6]}, "86;4": {"type": "grass", "variant": 1, "pos": [86, 4]}, "79;7": {"type": "grass", "variant": 1, "pos": [79, 7]}, "80;7": {"type": "grass", "variant": 16, "pos": [80, 7]}, "88;4": {"type": "grass", "variant": 16, "pos": [88, 4]}, "89;5": {"type": "grass", "variant": 16, "pos": [89, 5]}, "90;6": {"type": "grass", "variant": 16, "pos": [90, 6]}, "99;3": {"type": "grass", "variant": 14, "pos": [99, 3]}, "73;9": {"type": "grass", "variant": 14, "pos": [73, 9]}, "73;10": {"type": "grass", "variant": 14, "pos": [73, 10]}, "73;11": {"type": "grass", "variant": 14, "pos": [73, 11]}, "73;12": {"type": "grass", "variant": 14, "pos": [73, 12]}, "73;13": {"type": "grass", "variant": 14, "pos": [73, 13]}, "73;14": {"type": "grass", "variant": 14, "pos": [73, 14]}, "73;15": {"type": "grass", "variant": 14, "pos": [73, 15]}, "77;8": {"type": "grass", "variant": 14, "pos": [77, 8]}, "77;9": {"type": "grass", "variant": 14, "pos": [77, 9]}, "77;10": {"type": "grass", "variant": 14, "pos": [77, 10]}, "77;11": {"type": "grass", "variant": 14, "pos": [77, 11]}, "77;12": {"type": "grass", "variant": 14, "pos": [77, 12]}, "77;13": {"type": "grass", "variant": 14, "pos": [77, 13]}, "77;14": {"type": "grass", "variant": 14, "pos": [77, 14]}, "77;15": {"type": "grass", "variant": 14, "pos": [77, 15]}, "84;5": {"type": "grass", "variant": 14, "pos": [84, 5]}, "84;6": {"type": "grass", "variant": 14, "pos": [84, 6]}, "84;7": {"type": "grass", "variant": 14, "pos": [84, 7]}, "84;13": {"type": "grass", "variant": 14, "pos": [84, 13]}, "84;8": {"type": "grass", "variant": 14, "pos": [84, 8]}, "84;9": {"type": "grass", "variant": 14, "pos": [84, 9]}, "84;10": {"type": "grass", "variant": 14, "pos": [84, 10]}, "84;11": {"type": "grass", "variant": 14, "pos": [84, 11]}, "84;12": {"type": "grass", "variant": 14, "pos": [84, 12]}, "84;14": {"type": "grass", "variant": 14, "pos": [84, 14]}, "84;15": {"type": "grass", "variant": 14, "pos": [84, 15]}, "95;7": {"type": "grass", "variant": 14, "pos": [95, 7]}, "95;8": {"type": "grass", "variant": 14, "pos": [95, 8]}, "95;9": {"type": "grass", "variant": 14, "pos": [95, 9]}, "95;10": {"type": "grass", "variant": 14, "pos": [95, 10]}, "95;11": {"type": "grass", "variant": 14, "pos": [95, 11]}, "95;12": {"type": "grass", "variant": 14, "pos": [95, 12]}, "95;13": {"type": "grass", "variant": 14, "pos": [95, 13]}, "95;14": {"type": "grass", "variant": 14, "pos": [95, 14]}, "95;15": {"type": "grass", "variant": 14, "pos": [95, 15]}, "92;7": {"type": "grass", "variant": 15, "pos": [92, 7]}, "92;8": {"type": "grass", "variant": 15, "pos": [92, 8]}, "92;9": {"type": "grass", "variant": 15, "pos": [92, 9]}, "92;10": {"type": "grass", "variant": 15, "pos": [92, 10]}, "92;11": {"type": "grass", "variant": 15, "pos": [92, 11]}, "92;12": {"type": "grass", "variant": 15, "pos": [92, 12]}, "92;13": {"type": "grass", "variant": 15, "pos": [92, 13]}, "92;14": {"type": "grass", "variant": 15, "pos": [92, 14]}, "92;15": {"type": "grass", "variant": 15, "pos": [92, 15]}, "81;8": {"type": "grass", "variant": 15, "pos": [81, 8]}, "81;9": {"type": "grass", "variant": 15, "pos": [81, 9]}, "81;10": {"type": "grass", "variant": 15, "pos": [81, 10]}, "81;11": {"type": "grass", "variant": 15, "pos": [81, 11]}, "81;12": {"type": "grass", "variant": 15, "pos": [81, 12]}, "81;13": {"type": "grass", "variant": 15, "pos": [81, 13]}, "81;14": {"type": "grass", "variant": 15, "pos": [81, 14]}, "81;15": {"type": "grass", "variant": 15, "pos": [81, 15]}, "74;15": {"type": "grass", "variant": 15, "pos": [74, 15]}, "74;14": {"type": "grass", "variant": 15, "pos": [74, 14]}, "74;13": {"type": "grass", "variant": 15, "pos": [74, 13]}, "74;12": {"type": "grass", "variant": 15, "pos": [74, 12]}, "74;11": {"type": "grass", "variant": 15, "pos": [74, 11]}, "74;9": {"type": "grass", "variant": 15, "pos": [74, 9]}, "74;10": {"type": "grass", "variant": 15, "pos": [74, 10]}, "96;7": {"type": "grass", "variant": 0, "pos": [96, 7]}, "96;8": {"type": "grass", "variant": 0, "pos": [96, 8]}, "96;9": {"type": "grass", "variant": 0, "pos": [96, 9]}, "96;10": {"type": "grass", "variant": 0, "pos": [96, 10]}, "96;11": {"type": "grass", "variant": 0, "pos": [96, 11]}, "96;12": {"type": "grass", "variant": 0, "pos": [96, 12]}, "96;13": {"type": "grass", "variant": 0, "pos": [96, 13]}, "96;14": {"type": "grass", "variant": 0, "pos": [96, 14]}, "96;15": {"type": "grass", "variant": 0, "pos": [96, 15]}, "97;15": {"type": "grass", "variant": 0, "pos": [97, 15]}, "98;15": {"type": "grass", "variant": 0, "pos": [98, 15]}, "99;15": {"type": "grass", "variant": 0, "pos": [99, 15]}, "100;15": {"type": "grass", "variant": 0, "pos": [100, 15]}, "100;14": {"type": "grass", "variant": 0, "pos": [100, 14]}, "100;13": {"type": "grass", "variant": 0, "pos": [100, 13]}, "100;12": {"type": "grass", "variant": 0, "pos": [100, 12]}, "100;11": {"type": "grass", "variant": 0, "pos": [100, 11]}, "100;10": {"type": "grass", "variant": 0, "pos": [100, 10]}, "100;9": {"type": "grass", "variant": 0, "pos": [100, 9]}, "100;8": {"type": "grass", "variant": 0, "pos": [100, 8]}, "100;7": {"type": "grass", "variant": 0, "pos": [100, 7]}, "100;6": {"type": "grass", "variant": 0, "pos": [100, 6]}, "100;5": {"type": "grass", "variant": 0, "pos": [100, 5]}, "100;4": {"type": "grass", "variant": 0, "pos": [100, 4]}, "100;3": {"type": "grass", "variant": 0, "pos": [100, 3]}, "101;3": {"type": "grass", "variant": 0, "pos": [101, 3]}, "102;3": {"type": "grass", "variant": 0, "pos": [102, 3]}, "103;3": {"type": "grass", "variant": 0, "pos": [103, 3]}, "104;3": {"type": "grass", "variant": 0, "pos": [104, 3]}, "105;3": {"type": "grass", "variant": 0, "pos": [105, 3]}, "106;3": {"type": "grass", "variant": 0, "pos": [106, 3]}, "106;2": {"type": "grass", "variant": 0, "pos": [106, 2]}, "106;1": {"type": "grass", "variant": 0, "pos": [106, 1]}, "106;0": {"type": "grass", "variant": 0, "pos": [106, 0]}, "105;0": {"type": "grass", "variant": 0, "pos": [105, 0]}, "104;0": {"type": "grass", "variant": 0, "pos": [104, 0]}, "104;1": {"type": "grass", "variant": 0, "pos": [104, 1]}, "103;1": {"type": "grass", "variant": 0, "pos": [103, 1]}, "102;1": {"type": "grass", "variant": 0, "pos": [102, 1]}, "102;2": {"type": "grass", "variant": 0, "pos": [102, 2]}, "101;2": {"type": "grass", "variant": 0, "pos": [101, 2]}, "103;2": {"type": "grass", "variant": 0, "pos": [103, 2]}, "104;2": {"type": "grass", "variant": 0, "pos": [104, 2]}, "105;2": {"type": "grass", "variant": 0, "pos": [105, 2]}, "105;1": {"type": "grass", "variant": 0, "pos": [105, 1]}, "105;4": {"type": "grass", "variant": 0, "pos": [105, 4]}, "106;4": {"type": "grass", "variant": 0, "pos": [106, 4]}, "106;5": {"type": "grass", "variant": 0, "pos": [106, 5]}, "106;6": {"type": "grass", "variant": 0, "pos": [106, 6]}, "106;7": {"type": "grass", "variant": 0, "pos": [106, 7]}, "106;8": {"type": "grass", "variant": 0, "pos": [106, 8]}, "106;9": {"type": "grass", "variant": 0, "pos": [106, 9]}, "106;10": {"type": "grass", "variant": 0, "pos": [106, 10]}, "106;11": {"type": "grass", "variant": 0, "pos": [106, 11]}, "106;12": {"type": "grass", "variant": 0, "pos": [106, 12]}, "106;13": {"type": "grass", "variant": 0, "pos": [106, 13]}, "106;14": {"type": "grass", "variant": 0, "pos": [106, 14]}, "106;15": {"type": "grass", "variant": 0, "pos": [106, 15]}, "105;15": {"type": "grass", "variant": 0, "pos": [105, 15]}, "104;15": {"type": "grass", "variant": 0, "pos": [104, 15]}, "103;15": {"type": "grass", "variant": 0, "pos": [103, 15]}, "102;15": {"type": "grass", "variant": 0, "pos": [102, 15]}, "101;15": {"type": "grass", "variant": 0, "pos": [101, 15]}, "101;14": {"type": "grass", "variant": 0, "pos": [101, 14]}, "101;13": {"type": "grass", "variant": 0, "pos": [101, 13]}, "101;12": {"type": "grass", "variant": 0, "pos": [101, 12]}, "101;11": {"type": "grass", "variant": 0, "pos": [101, 11]}, "101;10": {"type": "grass", "variant": 0, "pos": [101, 10]}, "101;9": {"type": "grass", "variant": 0, "pos": [101, 9]}, "101;8": {"type": "grass", "variant": 0, "pos": [101, 8]}, "101;7": {"type": "grass", "variant": 0, "pos": [101, 7]}, "101;6": {"type": "grass", "variant": 0, "pos": [101, 6]}, "102;6": {"type": "grass", "variant": 0, "pos": [102, 6]}, "102;5": {"type": "grass", "variant": 0, "pos": [102, 5]}, "102;4": {"type": "grass", "variant": 0, "pos": [102, 4]}, "101;4": {"type": "grass", "variant": 0, "pos": [101, 4]}, "101;5": {"type": "grass", "variant": 0, "pos": [101, 5]}, "103;4": {"type": "grass", "variant": 0, "pos": [103, 4]}, "104;4": {"type": "grass", "variant": 0, "pos": [104, 4]}, "105;5": {"type": "grass", "variant": 0, "pos": [105, 5]}, "105;6": {"type": "grass", "variant": 0, "pos": [105, 6]}, "105;7": {"type": "grass", "variant": 0, "pos": [105, 7]}, "105;8": {"type": "grass", "variant": 0, "pos": [105, 8]}, "105;9": {"type": "grass", "variant": 0, "pos": [105, 9]}, "105;10": {"type": "grass", "variant": 0, "pos": [105, 10]}, "105;11": {"type": "grass", "variant": 0, "pos": [105, 11]}, "105;12": {"type": "grass", "variant": 0, "pos": [105, 12]}, "105;13": {"type": "grass", "variant": 0, "pos": [105, 13]}, "105;14": {"type": "grass", "variant": 0, "pos": [105, 14]}, "104;14": {"type": "grass", "variant": 0, "pos": [104, 14]}, "103;14": {"type": "grass", "variant": 0, "pos": [103, 14]}, "102;14": {"type": "grass", "variant": 0, "pos": [102, 14]}, "99;14": {"type": "grass", "variant": 0, "pos": [99, 14]}, "98;14": {"type": "grass", "variant": 0, "pos": [98, 14]}, "97;14": {"type": "grass", "variant": 0, "pos": [97, 14]}, "97;13": {"type": "grass", "variant": 0, "pos": [97, 13]}, "97;12": {"type": "grass", "variant": 0, "pos": [97, 12]}, "97;11": {"type": "grass", "variant": 0, "pos": [97, 11]}, "97;10": {"type": "grass", "variant": 0, "pos": [97, 10]}, "97;9": {"type": "grass", "variant": 0, "pos": [97, 9]}, "97;8": {"type": "grass", "variant": 0, "pos": [97, 8]}, "97;7": {"type": "grass", "variant": 0, "pos": [97, 7]}, "98;7": {"type": "grass", "variant": 0, "pos": [98, 7]}, "99;7": {"type": "grass", "variant": 0, "pos": [99, 7]}, "102;7": {"type": "grass", "variant": 0, "pos": [102, 7]}, "103;7": {"type": "grass", "variant": 0, "pos": [103, 7]}, "104;7": {"type": "grass", "variant": 0, "pos": [104, 7]}, "104;6": {"type": "grass", "variant": 0, "pos": [104, 6]}, "104;5": {"type": "grass", "variant": 0, "pos": [104, 5]}, "103;5": {"type": "grass", "variant": 0, "pos": [103, 5]}, "99;5": {"type": "grass", "variant": 0, "pos": [99, 5]}, "99;6": {"type": "grass", "variant": 0, "pos": [99, 6]}, "98;6": {"type": "grass", "variant": 0, "pos": [98, 6]}, "103;6": {"type": "grass", "variant": 0, "pos": [103, 6]}, "104;8": {"type": "grass", "variant": 0, "pos": [104, 8]}, "104;9": {"type": "grass", "variant": 0, "pos": [104, 9]}, "104;10": {"type": "grass", "variant": 0, "pos": [104, 10]}, "104;11": {"type": "grass", "variant": 0, "pos": [104, 11]}, "104;12": {"type": "grass", "variant": 0, "pos": [104, 12]}, "104;13": {"type": "grass", "variant": 0, "pos": [104, 13]}, "103;13": {"type": "grass", "variant": 0, "pos": [103, 13]}, "102;13": {"type": "grass", "variant": 0, "pos": [102, 13]}, "99;13": {"type": "grass", "variant": 0, "pos": [99, 13]}, "98;13": {"type": "grass", "variant": 0, "pos": [98, 13]}, "98;12": {"type": "grass", "variant": 0, "pos": [98, 12]}, "98;11": {"type": "grass", "variant": 0, "pos": [98, 11]}, "98;10": {"type": "grass", "variant": 0, "pos": [98, 10]}, "98;9": {"type": "grass", "variant": 0, "pos": [98, 9]}, "98;8": {"type": "grass", "variant": 0, "pos": [98, 8]}, "99;8": {"type": "grass", "variant": 0, "pos": [99, 8]}, "99;9": {"type": "grass", "variant": 0, "pos": [99, 9]}, "99;10": {"type": "grass", "variant": 0, "pos": [99, 10]}, "99;11": {"type": "grass", "variant": 0, "pos": [99, 11]}, "99;12": {"type": "grass", "variant": 0, "pos": [99, 12]}, "102;12": {"type": "grass", "variant": 0, "pos": [102, 12]}, "103;12": {"type": "grass", "variant": 0, "pos": [103, 12]}, "103;11": {"type": "grass", "variant": 0, "pos": [103, 11]}, "103;10": {"type": "grass", "variant": 0, "pos": [103, 10]}, "103;9": {"type": "grass", "variant": 0, "pos": [103, 9]}, "103;8": {"type": "grass", "variant": 0, "pos": [103, 8]}, "102;8": {"type": "grass", "variant": 0, "pos": [102, 8]}, "102;11": {"type": "grass", "variant": 0, "pos": [102, 11]}, "102;10": {"type": "grass", "variant": 0, "pos": [102, 10]}, "102;9": {"type": "grass", "variant": 0, "pos": [102, 9]}, "87;4": {"type": "grass", "variant": 0, "pos": [87, 4]}, "87;5": {"type": "grass", "variant": 0, "pos": [87, 5]}, "86;5": {"type": "grass", "variant": 0, "pos": [86, 5]}, "88;5": {"type": "grass", "variant": 0, "pos": [88, 5]}, "85;5": {"type": "grass", "variant": 0, "pos": [85, 5]}, "85;6": {"type": "grass", "variant": 0, "pos": [85, 6]}, "86;6": {"type": "grass", "variant": 0, "pos": [86, 6]}, "87;6": {"type": "grass", "variant": 0, "pos": [87, 6]}, "88;6": {"type": "grass", "variant": 0, "pos": [88, 6]}, "89;6": {"type": "grass", "variant": 0, "pos": [89, 6]}, "89;7": {"type": "grass", "variant": 0, "pos": [89, 7]}, "90;7": {"type": "grass", "variant": 0, "pos": [90, 7]}, "91;7": {"type": "grass", "variant": 0, "pos": [91, 7]}, "88;7": {"type": "grass", "variant": 0, "pos": [88, 7]}, "87;7": {"type": "grass", "variant": 0, "pos": [87, 7]}, "86;7": {"type": "grass", "variant": 0, "pos": [86, 7]}, "85;7": {"type": "grass", "variant": 0, "pos": [85, 7]}, "85;8": {"type": "grass", "variant": 0, "pos": [85, 8]}, "85;9": {"type": "grass", "variant": 0, "pos": [85, 9]}, "86;9": {"type": "grass", "variant": 0, "pos": [86, 9]}, "87;9": {"type": "grass", "variant": 0, "pos": [87, 9]}, "88;9": {"type": "grass", "variant": 0, "pos": [88, 9]}, "89;9": {"type": "grass", "variant": 0, "pos": [89, 9]}, "90;9": {"type": "grass", "variant": 0, "pos": [90, 9]}, "90;10": {"type": "grass", "variant": 0, "pos": [90, 10]}, "90;11": {"type": "grass", "variant": 0, "pos": [90, 11]}, "89;11": {"type": "grass", "variant": 0, "pos": [89, 11]}, "88;11": {"type": "grass", "variant": 0, "pos": [88, 11]}, "87;11": {"type": "grass", "variant": 0, "pos": [87, 11]}, "86;11": {"type": "grass", "variant": 0, "pos": [86, 11]}, "86;12": {"type": "grass", "variant": 0, "pos": [86, 12]}, "86;13": {"type": "grass", "variant": 0, "pos": [86, 13]}, "87;13": {"type": "grass", "variant": 0, "pos": [87, 13]}, "88;13": {"type": "grass", "variant": 0, "pos": [88, 13]}, "89;13": {"type": "grass", "variant": 0, "pos": [89, 13]}, "90;13": {"type": "grass", "variant": 0, "pos": [90, 13]}, "90;14": {"type": "grass", "variant": 0, "pos": [90, 14]}, "90;15": {"type": "grass", "variant": 0, "pos": [90, 15]}, "89;15": {"type": "grass", "variant": 0, "pos": [89, 15]}, "88;15": {"type": "grass", "variant": 0, "pos": [88, 15]}, "87;15": {"type": "grass", "variant": 0, "pos": [87, 15]}, "86;15": {"type": "grass", "variant": 0, "pos": [86, 15]}, "85;14": {"type": "grass", "variant": 0, "pos": [85, 14]}, "85;13": {"type": "grass", "variant": 0, "pos": [85, 13]}, "85;12": {"type": "grass", "variant": 0, "pos": [85, 12]}, "85;11": {"type": "grass", "variant": 0, "pos": [85, 11]}, "85;10": {"type": "grass", "variant": 0, "pos": [85, 10]}, "86;10": {"type": "grass", "variant": 0, "pos": [86, 10]}, "87;10": {"type": "grass", "variant": 0, "pos": [87, 10]}, "88;10": {"type": "grass", "variant": 0, "pos": [88, 10]}, "89;10": {"type": "grass", "variant": 0, "pos": [89, 10]}, "85;15": {"type": "grass", "variant": 0, "pos": [85, 15]}, "87;14": {"type": "grass", "variant": 0, "pos": [87, 14]}, "88;14": {"type": "grass", "variant": 0, "pos": [88, 14]}, "86;14": {"type": "grass", "variant": 0, "pos": [86, 14]}, "89;14": {"type": "grass", "variant": 0, "pos": [89, 14]}, "91;15": {"type": "grass", "variant": 0, "pos": [91, 15]}, "91;14": {"type": "grass", "variant": 0, "pos": [91, 14]}, "91;13": {"type": "grass", "variant": 0, "pos": [91, 13]}, "91;12": {"type": "grass", "variant": 0, "pos": [91, 12]}, "91;11": {"type": "grass", "variant": 0, "pos": [91, 11]}, "91;10": {"type": "grass", "variant": 0, "pos": [91, 10]}, "91;9": {"type": "grass", "variant": 0, "pos": [91, 9]}, "91;8": {"type": "grass", "variant": 0, "pos": [91, 8]}, "90;8": {"type": "grass", "variant": 0, "pos": [90, 8]}, "89;8": {"type": "grass", "variant": 0, "pos": [89, 8]}, "88;8": {"type": "grass", "variant": 0, "pos": [88, 8]}, "87;8": {"type": "grass", "variant": 0, "pos": [87, 8]}, "86;8": {"type": "grass", "variant": 0, "pos": [86, 8]}, "88;12": {"type": "grass", "variant": 0, "pos": [88, 12]}, "89;12": {"type": "grass", "variant": 0, "pos": [89, 12]}, "90;12": {"type": "grass", "variant": 0, "pos": [90, 12]}, "87;12": {"type": "grass", "variant": 0, "pos": [87, 12]}, "80;8": {"type": "grass", "variant": 0, "pos": [80, 8]}, "80;9": {"type": "grass", "variant": 0, "pos": [80, 9]}, "80;10": {"type": "grass", "variant": 0, "pos": [80, 10]}, "80;11": {"type": "grass", "variant": 0, "pos": [80, 11]}, "80;12": {"type": "grass", "variant": 0, "pos": [80, 12]}, "80;13": {"type": "grass", "variant": 0, "pos": [80, 13]}, "80;14": {"type": "grass", "variant": 0, "pos": [80, 14]}, "80;15": {"type": "grass", "variant": 0, "pos": [80, 15]}, "79;15": {"type": "grass", "variant": 0, "pos": [79, 15]}, "78;15": {"type": "grass", "variant": 0, "pos": [78, 15]}, "78;14": {"type": "grass", "variant": 0, "pos": [78, 14]}, "78;13": {"type": "grass", "variant": 0, "pos": [78, 13]}, "78;12": {"type": "grass", "variant": 0, "pos": [78, 12]}, "78;11": {"type": "grass", "variant": 0, "pos": [78, 11]}, "78;10": {"type": "grass", "variant": 0, "pos": [78, 10]}, "78;9": {"type": "grass", "variant": 0, "pos": [78, 9]}, "78;8": {"type": "grass", "variant": 0, "pos": [78, 8]}, "79;8": {"type": "grass", "variant": 0, "pos": [79, 8]}, "79;9": {"type": "grass", "variant": 0, "pos": [79, 9]}, "79;10": {"type": "grass", "variant": 0, "pos": [79, 10]}, "79;11": {"type": "grass", "variant": 0, "pos": [79, 11]}, "79;12": {"type": "grass", "variant": 0, "pos": [79, 12]}, "79;13": {"type": "grass", "variant": 0, "pos": [79, 13]}, "79;14": {"type": "grass", "variant": 0, "pos": [79, 14]}, "38;13": {"type": "chest", "variant": 0, "pos": [38, 13]}}, "tile_size": 16, "offgrid": {}}