{"tilemap": {"8;8": {"type": "grass", "variant": 12, "pos": [8, 8]}, "7;8": {"type": "grass", "variant": 12, "pos": [7, 8]}, "6;8": {"type": "grass", "variant": 12, "pos": [6, 8]}, "5;8": {"type": "grass", "variant": 12, "pos": [5, 8]}, "3;8": {"type": "grass", "variant": 12, "pos": [3, 8]}, "2;8": {"type": "grass", "variant": 12, "pos": [2, 8]}, "2;9": {"type": "grass", "variant": 7, "pos": [2, 9]}, "2;10": {"type": "grass", "variant": 7, "pos": [2, 10]}, "3;10": {"type": "grass", "variant": 7, "pos": [3, 10]}, "4;10": {"type": "grass", "variant": 7, "pos": [4, 10]}, "5;10": {"type": "grass", "variant": 7, "pos": [5, 10]}, "6;10": {"type": "grass", "variant": 7, "pos": [6, 10]}, "7;10": {"type": "grass", "variant": 7, "pos": [7, 10]}, "8;10": {"type": "grass", "variant": 7, "pos": [8, 10]}, "9;10": {"type": "grass", "variant": 7, "pos": [9, 10]}, "10;10": {"type": "grass", "variant": 7, "pos": [10, 10]}, "10;9": {"type": "grass", "variant": 7, "pos": [10, 9]}, "9;9": {"type": "grass", "variant": 7, "pos": [9, 9]}, "8;9": {"type": "grass", "variant": 7, "pos": [8, 9]}, "7;9": {"type": "grass", "variant": 7, "pos": [7, 9]}, "6;9": {"type": "grass", "variant": 7, "pos": [6, 9]}, "5;9": {"type": "grass", "variant": 7, "pos": [5, 9]}, "4;9": {"type": "grass", "variant": 7, "pos": [4, 9]}, "3;9": {"type": "grass", "variant": 7, "pos": [3, 9]}, "3;11": {"type": "grass", "variant": 7, "pos": [3, 11]}, "4;11": {"type": "grass", "variant": 7, "pos": [4, 11]}, "5;11": {"type": "grass", "variant": 7, "pos": [5, 11]}, "6;11": {"type": "grass", "variant": 7, "pos": [6, 11]}, "7;11": {"type": "grass", "variant": 7, "pos": [7, 11]}, "8;11": {"type": "grass", "variant": 7, "pos": [8, 11]}, "9;11": {"type": "grass", "variant": 7, "pos": [9, 11]}, "4;8": {"type": "grass", "variant": 12, "pos": [4, 8]}, "14;7": {"type": "grass", "variant": 12, "pos": [14, 7]}, "13;7": {"type": "grass", "variant": 10, "pos": [13, 7]}, "13;9": {"type": "grass", "variant": 7, "pos": [13, 9]}, "14;10": {"type": "grass", "variant": 7, "pos": [14, 10]}, "15;10": {"type": "grass", "variant": 7, "pos": [15, 10]}, "15;9": {"type": "grass", "variant": 7, "pos": [15, 9]}, "16;9": {"type": "grass", "variant": 7, "pos": [16, 9]}, "16;8": {"type": "grass", "variant": 7, "pos": [16, 8]}, "16;7": {"type": "grass", "variant": 12, "pos": [16, 7]}, "15;7": {"type": "grass", "variant": 12, "pos": [15, 7]}, "15;8": {"type": "grass", "variant": 7, "pos": [15, 8]}, "14;8": {"type": "grass", "variant": 7, "pos": [14, 8]}, "14;9": {"type": "grass", "variant": 7, "pos": [14, 9]}, "11;2": {"type": "stone", "variant": 1, "pos": [11, 2]}, "10;2": {"type": "stone", "variant": 1, "pos": [10, 2]}, "9;2": {"type": "stone", "variant": 1, "pos": [9, 2]}, "8;2": {"type": "stone", "variant": 0, "pos": [8, 2]}, "8;3": {"type": "stone", "variant": 6, "pos": [8, 3]}, "9;3": {"type": "stone", "variant": 5, "pos": [9, 3]}, "10;4": {"type": "stone", "variant": 6, "pos": [10, 4]}, "11;4": {"type": "stone", "variant": 4, "pos": [11, 4]}, "11;3": {"type": "stone", "variant": 8, "pos": [11, 3]}, "10;3": {"type": "stone", "variant": 8, "pos": [10, 3]}, "1;10": {"type": "grass", "variant": 7, "pos": [1, 10]}, "0;10": {"type": "grass", "variant": 7, "pos": [0, 10]}, "1;9": {"type": "grass", "variant": 7, "pos": [1, 9]}, "0;9": {"type": "grass", "variant": 7, "pos": [0, 9]}, "0;11": {"type": "grass", "variant": 7, "pos": [0, 11]}, "0;12": {"type": "grass", "variant": 7, "pos": [0, 12]}, "1;13": {"type": "grass", "variant": 7, "pos": [1, 13]}, "1;14": {"type": "grass", "variant": 7, "pos": [1, 14]}, "0;14": {"type": "grass", "variant": 7, "pos": [0, 14]}, "0;13": {"type": "grass", "variant": 7, "pos": [0, 13]}, "2;12": {"type": "grass", "variant": 7, "pos": [2, 12]}, "3;12": {"type": "grass", "variant": 7, "pos": [3, 12]}, "3;13": {"type": "grass", "variant": 7, "pos": [3, 13]}, "2;13": {"type": "grass", "variant": 7, "pos": [2, 13]}, "2;14": {"type": "grass", "variant": 7, "pos": [2, 14]}, "2;11": {"type": "grass", "variant": 7, "pos": [2, 11]}, "1;11": {"type": "grass", "variant": 7, "pos": [1, 11]}, "1;12": {"type": "grass", "variant": 7, "pos": [1, 12]}, "10;11": {"type": "grass", "variant": 7, "pos": [10, 11]}, "10;12": {"type": "grass", "variant": 7, "pos": [10, 12]}, "9;12": {"type": "grass", "variant": 7, "pos": [9, 12]}, "9;13": {"type": "grass", "variant": 7, "pos": [9, 13]}, "8;14": {"type": "grass", "variant": 7, "pos": [8, 14]}, "7;14": {"type": "grass", "variant": 7, "pos": [7, 14]}, "6;14": {"type": "grass", "variant": 7, "pos": [6, 14]}, "5;14": {"type": "grass", "variant": 7, "pos": [5, 14]}, "4;14": {"type": "grass", "variant": 7, "pos": [4, 14]}, "3;14": {"type": "grass", "variant": 7, "pos": [3, 14]}, "4;12": {"type": "grass", "variant": 7, "pos": [4, 12]}, "5;13": {"type": "grass", "variant": 7, "pos": [5, 13]}, "6;13": {"type": "grass", "variant": 7, "pos": [6, 13]}, "4;13": {"type": "grass", "variant": 7, "pos": [4, 13]}, "5;12": {"type": "grass", "variant": 7, "pos": [5, 12]}, "7;13": {"type": "grass", "variant": 7, "pos": [7, 13]}, "8;12": {"type": "grass", "variant": 7, "pos": [8, 12]}, "8;13": {"type": "grass", "variant": 7, "pos": [8, 13]}, "7;12": {"type": "grass", "variant": 7, "pos": [7, 12]}, "6;12": {"type": "grass", "variant": 7, "pos": [6, 12]}, "11;9": {"type": "grass", "variant": 7, "pos": [11, 9]}, "12;9": {"type": "grass", "variant": 7, "pos": [12, 9]}, "17;9": {"type": "grass", "variant": 7, "pos": [17, 9]}, "18;9": {"type": "grass", "variant": 7, "pos": [18, 9]}, "19;9": {"type": "grass", "variant": 7, "pos": [19, 9]}, "19;10": {"type": "grass", "variant": 7, "pos": [19, 10]}, "20;11": {"type": "grass", "variant": 7, "pos": [20, 11]}, "19;11": {"type": "grass", "variant": 7, "pos": [19, 11]}, "19;12": {"type": "grass", "variant": 7, "pos": [19, 12]}, "19;13": {"type": "grass", "variant": 7, "pos": [19, 13]}, "18;13": {"type": "grass", "variant": 7, "pos": [18, 13]}, "17;13": {"type": "grass", "variant": 7, "pos": [17, 13]}, "17;14": {"type": "grass", "variant": 7, "pos": [17, 14]}, "18;14": {"type": "grass", "variant": 7, "pos": [18, 14]}, "19;14": {"type": "grass", "variant": 7, "pos": [19, 14]}, "16;13": {"type": "grass", "variant": 7, "pos": [16, 13]}, "15;13": {"type": "grass", "variant": 7, "pos": [15, 13]}, "14;12": {"type": "grass", "variant": 7, "pos": [14, 12]}, "13;12": {"type": "grass", "variant": 7, "pos": [13, 12]}, "12;13": {"type": "grass", "variant": 7, "pos": [12, 13]}, "13;13": {"type": "grass", "variant": 7, "pos": [13, 13]}, "14;13": {"type": "grass", "variant": 7, "pos": [14, 13]}, "15;14": {"type": "grass", "variant": 7, "pos": [15, 14]}, "14;14": {"type": "grass", "variant": 7, "pos": [14, 14]}, "13;14": {"type": "grass", "variant": 7, "pos": [13, 14]}, "12;14": {"type": "grass", "variant": 7, "pos": [12, 14]}, "11;13": {"type": "grass", "variant": 7, "pos": [11, 13]}, "11;14": {"type": "grass", "variant": 7, "pos": [11, 14]}, "10;14": {"type": "grass", "variant": 7, "pos": [10, 14]}, "10;13": {"type": "grass", "variant": 7, "pos": [10, 13]}, "9;14": {"type": "grass", "variant": 7, "pos": [9, 14]}, "11;12": {"type": "grass", "variant": 7, "pos": [11, 12]}, "12;12": {"type": "grass", "variant": 7, "pos": [12, 12]}, "12;11": {"type": "grass", "variant": 7, "pos": [12, 11]}, "13;11": {"type": "grass", "variant": 7, "pos": [13, 11]}, "11;11": {"type": "grass", "variant": 7, "pos": [11, 11]}, "11;10": {"type": "grass", "variant": 7, "pos": [11, 10]}, "12;10": {"type": "grass", "variant": 7, "pos": [12, 10]}, "13;10": {"type": "grass", "variant": 7, "pos": [13, 10]}, "15;11": {"type": "grass", "variant": 7, "pos": [15, 11]}, "16;11": {"type": "grass", "variant": 7, "pos": [16, 11]}, "16;12": {"type": "grass", "variant": 7, "pos": [16, 12]}, "14;11": {"type": "grass", "variant": 7, "pos": [14, 11]}, "15;12": {"type": "grass", "variant": 7, "pos": [15, 12]}, "16;14": {"type": "grass", "variant": 7, "pos": [16, 14]}, "17;12": {"type": "grass", "variant": 7, "pos": [17, 12]}, "18;12": {"type": "grass", "variant": 7, "pos": [18, 12]}, "18;11": {"type": "grass", "variant": 7, "pos": [18, 11]}, "17;10": {"type": "grass", "variant": 7, "pos": [17, 10]}, "18;10": {"type": "grass", "variant": 7, "pos": [18, 10]}, "17;11": {"type": "grass", "variant": 7, "pos": [17, 11]}, "16;10": {"type": "grass", "variant": 7, "pos": [16, 10]}, "10;8": {"type": "grass", "variant": 12, "pos": [10, 8]}, "9;8": {"type": "grass", "variant": 12, "pos": [9, 8]}, "11;8": {"type": "grass", "variant": 12, "pos": [11, 8]}, "12;8": {"type": "grass", "variant": 12, "pos": [12, 8]}, "1;8": {"type": "grass", "variant": 8, "pos": [1, 8]}, "1;7": {"type": "grass", "variant": 6, "pos": [1, 7]}, "1;6": {"type": "grass", "variant": 6, "pos": [1, 6]}, "1;5": {"type": "grass", "variant": 3, "pos": [1, 5]}, "2;5": {"type": "grass", "variant": 1, "pos": [2, 5]}, "2;4": {"type": "grass", "variant": 6, "pos": [2, 4]}, "2;3": {"type": "grass", "variant": 3, "pos": [2, 3]}, "3;3": {"type": "grass", "variant": 2, "pos": [3, 3]}, "4;3": {"type": "grass", "variant": 1, "pos": [4, 3]}, "1;3": {"type": "grass", "variant": 7, "pos": [1, 3]}, "0;3": {"type": "grass", "variant": 7, "pos": [0, 3]}, "0;4": {"type": "grass", "variant": 7, "pos": [0, 4]}, "1;4": {"type": "grass", "variant": 7, "pos": [1, 4]}, "0;5": {"type": "grass", "variant": 7, "pos": [0, 5]}, "0;6": {"type": "grass", "variant": 7, "pos": [0, 6]}, "0;7": {"type": "grass", "variant": 7, "pos": [0, 7]}, "0;8": {"type": "grass", "variant": 7, "pos": [0, 8]}, "-2;2": {"type": "grass", "variant": 12, "pos": [-2, 2]}, "-3;2": {"type": "grass", "variant": 12, "pos": [-3, 2]}, "-4;2": {"type": "grass", "variant": 12, "pos": [-4, 2]}, "0;1": {"type": "grass", "variant": 12, "pos": [0, 1]}, "1;1": {"type": "grass", "variant": 12, "pos": [1, 1]}, "2;1": {"type": "grass", "variant": 12, "pos": [2, 1]}, "3;1": {"type": "grass", "variant": 12, "pos": [3, 1]}, "4;1": {"type": "grass", "variant": 12, "pos": [4, 1]}, "-1;1": {"type": "grass", "variant": 10, "pos": [-1, 1]}, "-1;2": {"type": "grass", "variant": 9, "pos": [-1, 2]}, "0;2": {"type": "grass", "variant": 7, "pos": [0, 2]}, "1;2": {"type": "grass", "variant": 7, "pos": [1, 2]}, "2;2": {"type": "grass", "variant": 7, "pos": [2, 2]}, "3;2": {"type": "grass", "variant": 7, "pos": [3, 2]}, "-1;3": {"type": "grass", "variant": 7, "pos": [-1, 3]}, "-2;3": {"type": "grass", "variant": 7, "pos": [-2, 3]}, "-3;3": {"type": "grass", "variant": 7, "pos": [-3, 3]}, "-4;3": {"type": "grass", "variant": 7, "pos": [-4, 3]}, "-4;4": {"type": "grass", "variant": 7, "pos": [-4, 4]}, "-4;5": {"type": "grass", "variant": 7, "pos": [-4, 5]}, "-4;6": {"type": "grass", "variant": 7, "pos": [-4, 6]}, "-4;7": {"type": "grass", "variant": 7, "pos": [-4, 7]}, "-4;8": {"type": "grass", "variant": 7, "pos": [-4, 8]}, "-4;9": {"type": "grass", "variant": 7, "pos": [-4, 9]}, "-4;10": {"type": "grass", "variant": 7, "pos": [-4, 10]}, "-4;11": {"type": "grass", "variant": 7, "pos": [-4, 11]}, "-4;12": {"type": "grass", "variant": 7, "pos": [-4, 12]}, "-4;13": {"type": "grass", "variant": 7, "pos": [-4, 13]}, "-4;14": {"type": "grass", "variant": 7, "pos": [-4, 14]}, "-3;14": {"type": "grass", "variant": 7, "pos": [-3, 14]}, "-2;14": {"type": "grass", "variant": 7, "pos": [-2, 14]}, "-1;14": {"type": "grass", "variant": 7, "pos": [-1, 14]}, "-1;13": {"type": "grass", "variant": 7, "pos": [-1, 13]}, "-2;13": {"type": "grass", "variant": 7, "pos": [-2, 13]}, "-3;12": {"type": "grass", "variant": 7, "pos": [-3, 12]}, "-3;11": {"type": "grass", "variant": 7, "pos": [-3, 11]}, "-2;11": {"type": "grass", "variant": 7, "pos": [-2, 11]}, "-2;10": {"type": "grass", "variant": 7, "pos": [-2, 10]}, "-2;9": {"type": "grass", "variant": 7, "pos": [-2, 9]}, "-2;8": {"type": "grass", "variant": 7, "pos": [-2, 8]}, "-2;7": {"type": "grass", "variant": 7, "pos": [-2, 7]}, "-2;6": {"type": "grass", "variant": 7, "pos": [-2, 6]}, "-2;5": {"type": "grass", "variant": 7, "pos": [-2, 5]}, "-2;4": {"type": "grass", "variant": 7, "pos": [-2, 4]}, "-3;4": {"type": "grass", "variant": 7, "pos": [-3, 4]}, "-3;5": {"type": "grass", "variant": 7, "pos": [-3, 5]}, "-3;6": {"type": "grass", "variant": 7, "pos": [-3, 6]}, "-3;7": {"type": "grass", "variant": 7, "pos": [-3, 7]}, "-3;8": {"type": "grass", "variant": 7, "pos": [-3, 8]}, "-3;9": {"type": "grass", "variant": 7, "pos": [-3, 9]}, "-3;10": {"type": "grass", "variant": 7, "pos": [-3, 10]}, "-3;13": {"type": "grass", "variant": 7, "pos": [-3, 13]}, "-4;15": {"type": "grass", "variant": 7, "pos": [-4, 15]}, "-3;15": {"type": "grass", "variant": 7, "pos": [-3, 15]}, "-2;12": {"type": "grass", "variant": 7, "pos": [-2, 12]}, "-1;12": {"type": "grass", "variant": 7, "pos": [-1, 12]}, "-1;11": {"type": "grass", "variant": 7, "pos": [-1, 11]}, "-1;10": {"type": "grass", "variant": 7, "pos": [-1, 10]}, "-1;9": {"type": "grass", "variant": 7, "pos": [-1, 9]}, "-1;8": {"type": "grass", "variant": 7, "pos": [-1, 8]}, "-1;6": {"type": "grass", "variant": 7, "pos": [-1, 6]}, "-1;7": {"type": "grass", "variant": 7, "pos": [-1, 7]}, "-1;5": {"type": "grass", "variant": 7, "pos": [-1, 5]}, "-1;4": {"type": "grass", "variant": 7, "pos": [-1, 4]}, "5;1": {"type": "grass", "variant": 11, "pos": [5, 1]}, "5;2": {"type": "grass", "variant": 1, "pos": [5, 2]}, "4;2": {"type": "grass", "variant": 3, "pos": [4, 2]}, "3;7": {"type": "decor", "variant": 1, "pos": [3, 7]}, "6;7": {"type": "decor", "variant": 0, "pos": [6, 7]}, "7;7": {"type": "decor", "variant": 1, "pos": [7, 7]}, "11;7": {"type": "decor", "variant": 0, "pos": [11, 7]}, "13;8": {"type": "grass", "variant": 9, "pos": [13, 8]}, "17;8": {"type": "grass", "variant": 7, "pos": [17, 8]}, "18;8": {"type": "grass", "variant": 7, "pos": [18, 8]}, "19;8": {"type": "grass", "variant": 7, "pos": [19, 8]}, "20;8": {"type": "grass", "variant": 7, "pos": [20, 8]}, "21;8": {"type": "grass", "variant": 7, "pos": [21, 8]}, "22;8": {"type": "grass", "variant": 7, "pos": [22, 8]}, "23;8": {"type": "grass", "variant": 7, "pos": [23, 8]}, "24;8": {"type": "grass", "variant": 7, "pos": [24, 8]}, "25;8": {"type": "grass", "variant": 7, "pos": [25, 8]}, "26;8": {"type": "grass", "variant": 7, "pos": [26, 8]}, "27;8": {"type": "grass", "variant": 7, "pos": [27, 8]}, "28;8": {"type": "grass", "variant": 7, "pos": [28, 8]}, "28;9": {"type": "grass", "variant": 7, "pos": [28, 9]}, "28;10": {"type": "grass", "variant": 7, "pos": [28, 10]}, "28;11": {"type": "grass", "variant": 7, "pos": [28, 11]}, "28;12": {"type": "grass", "variant": 7, "pos": [28, 12]}, "28;13": {"type": "grass", "variant": 7, "pos": [28, 13]}, "27;13": {"type": "grass", "variant": 7, "pos": [27, 13]}, "27;14": {"type": "grass", "variant": 7, "pos": [27, 14]}, "26;14": {"type": "grass", "variant": 7, "pos": [26, 14]}, "25;14": {"type": "grass", "variant": 7, "pos": [25, 14]}, "25;13": {"type": "grass", "variant": 7, "pos": [25, 13]}, "24;13": {"type": "grass", "variant": 7, "pos": [24, 13]}, "24;14": {"type": "grass", "variant": 7, "pos": [24, 14]}, "23;14": {"type": "grass", "variant": 7, "pos": [23, 14]}, "22;14": {"type": "grass", "variant": 7, "pos": [22, 14]}, "21;14": {"type": "grass", "variant": 7, "pos": [21, 14]}, "20;14": {"type": "grass", "variant": 7, "pos": [20, 14]}, "20;13": {"type": "grass", "variant": 7, "pos": [20, 13]}, "20;12": {"type": "grass", "variant": 7, "pos": [20, 12]}, "20;10": {"type": "grass", "variant": 7, "pos": [20, 10]}, "20;9": {"type": "grass", "variant": 7, "pos": [20, 9]}, "21;9": {"type": "grass", "variant": 7, "pos": [21, 9]}, "21;10": {"type": "grass", "variant": 7, "pos": [21, 10]}, "22;10": {"type": "grass", "variant": 7, "pos": [22, 10]}, "22;11": {"type": "grass", "variant": 7, "pos": [22, 11]}, "22;12": {"type": "grass", "variant": 7, "pos": [22, 12]}, "21;12": {"type": "grass", "variant": 7, "pos": [21, 12]}, "21;11": {"type": "grass", "variant": 7, "pos": [21, 11]}, "22;13": {"type": "grass", "variant": 7, "pos": [22, 13]}, "21;13": {"type": "grass", "variant": 7, "pos": [21, 13]}, "23;10": {"type": "grass", "variant": 7, "pos": [23, 10]}, "23;11": {"type": "grass", "variant": 7, "pos": [23, 11]}, "23;12": {"type": "grass", "variant": 7, "pos": [23, 12]}, "22;9": {"type": "grass", "variant": 7, "pos": [22, 9]}, "23;9": {"type": "grass", "variant": 7, "pos": [23, 9]}, "24;10": {"type": "grass", "variant": 7, "pos": [24, 10]}, "25;10": {"type": "grass", "variant": 7, "pos": [25, 10]}, "25;9": {"type": "grass", "variant": 7, "pos": [25, 9]}, "24;9": {"type": "grass", "variant": 7, "pos": [24, 9]}, "23;13": {"type": "grass", "variant": 7, "pos": [23, 13]}, "24;12": {"type": "grass", "variant": 7, "pos": [24, 12]}, "25;12": {"type": "grass", "variant": 7, "pos": [25, 12]}, "25;11": {"type": "grass", "variant": 7, "pos": [25, 11]}, "24;11": {"type": "grass", "variant": 7, "pos": [24, 11]}, "26;11": {"type": "grass", "variant": 7, "pos": [26, 11]}, "27;11": {"type": "grass", "variant": 7, "pos": [27, 11]}, "27;10": {"type": "grass", "variant": 7, "pos": [27, 10]}, "27;9": {"type": "grass", "variant": 7, "pos": [27, 9]}, "26;12": {"type": "grass", "variant": 7, "pos": [26, 12]}, "26;13": {"type": "grass", "variant": 7, "pos": [26, 13]}, "26;10": {"type": "grass", "variant": 7, "pos": [26, 10]}, "26;9": {"type": "grass", "variant": 7, "pos": [26, 9]}, "27;12": {"type": "grass", "variant": 7, "pos": [27, 12]}, "28;14": {"type": "grass", "variant": 7, "pos": [28, 14]}, "17;7": {"type": "grass", "variant": 12, "pos": [17, 7]}, "18;7": {"type": "grass", "variant": 12, "pos": [18, 7]}, "19;7": {"type": "grass", "variant": 12, "pos": [19, 7]}, "20;7": {"type": "grass", "variant": 9, "pos": [20, 7]}, "20;6": {"type": "grass", "variant": 10, "pos": [20, 6]}, "21;6": {"type": "grass", "variant": 12, "pos": [21, 6]}, "22;6": {"type": "grass", "variant": 12, "pos": [22, 6]}, "23;6": {"type": "grass", "variant": 12, "pos": [23, 6]}, "21;7": {"type": "grass", "variant": 7, "pos": [21, 7]}, "22;7": {"type": "grass", "variant": 7, "pos": [22, 7]}, "23;7": {"type": "grass", "variant": 7, "pos": [23, 7]}, "24;7": {"type": "grass", "variant": 7, "pos": [24, 7]}, "25;7": {"type": "grass", "variant": 7, "pos": [25, 7]}, "26;7": {"type": "grass", "variant": 7, "pos": [26, 7]}, "14;6": {"type": "decor", "variant": 1, "pos": [14, 6]}, "17;6": {"type": "decor", "variant": 1, "pos": [17, 6]}, "18;6": {"type": "decor", "variant": 0, "pos": [18, 6]}, "22;5": {"type": "decor", "variant": 1, "pos": [22, 5]}, "10;7": {"type": "decor", "variant": 1, "pos": [10, 7]}, "15;6": {"type": "decor", "variant": 1, "pos": [15, 6]}, "3;0": {"type": "decor", "variant": 1, "pos": [3, 0]}, "1;0": {"type": "decor", "variant": 1, "pos": [1, 0]}, "-3;1": {"type": "decor", "variant": 0, "pos": [-3, 1]}, "0;0": {"type": "decor", "variant": 0, "pos": [0, 0]}, "27;7": {"type": "grass", "variant": 7, "pos": [27, 7]}, "28;7": {"type": "grass", "variant": 7, "pos": [28, 7]}, "24;6": {"type": "grass", "variant": 12, "pos": [24, 6]}, "25;6": {"type": "grass", "variant": 12, "pos": [25, 6]}, "26;6": {"type": "grass", "variant": 12, "pos": [26, 6]}, "27;6": {"type": "grass", "variant": 12, "pos": [27, 6]}, "28;6": {"type": "grass", "variant": 12, "pos": [28, 6]}}, "tile_size": 16, "offgrid": [{"type": "large_decor", "variant": 0, "pos": [86.0, 121.0]}, {"type": "large_decor", "variant": 1, "pos": [139.5, 134.0]}, {"type": "large_decor", "variant": 2, "pos": [45.0, 85.5]}, {"type": "large_decor", "variant": 2, "pos": [118.0, 85.0]}, {"type": "large_decor", "variant": 0, "pos": [166.0, 24.0]}, {"type": "checkpoint", "variant": 0, "pos": [165.5, 129.5]}]}