{"header": {"world": 1, "level": 2, "worldSpawn": [100, 100]}, "tilemap": {"2;11": {"type": "grass", "variant": 12, "pos": [2, 11]}, "3;11": {"type": "grass", "variant": 12, "pos": [3, 11]}, "4;11": {"type": "grass", "variant": 12, "pos": [4, 11]}, "6;10": {"type": "grass", "variant": 12, "pos": [6, 10]}, "7;10": {"type": "grass", "variant": 12, "pos": [7, 10]}, "14;10": {"type": "grass", "variant": 12, "pos": [14, 10]}, "13;10": {"type": "grass", "variant": 12, "pos": [13, 10]}, "18;8": {"type": "grass", "variant": 12, "pos": [18, 8]}, "19;8": {"type": "grass", "variant": 12, "pos": [19, 8]}, "20;8": {"type": "grass", "variant": 12, "pos": [20, 8]}, "22;5": {"type": "grass", "variant": 12, "pos": [22, 5]}, "23;5": {"type": "grass", "variant": 12, "pos": [23, 5]}, "24;5": {"type": "grass", "variant": 12, "pos": [24, 5]}, "25;5": {"type": "grass", "variant": 12, "pos": [25, 5]}, "26;5": {"type": "grass", "variant": 11, "pos": [26, 5]}, "27;6": {"type": "grass", "variant": 11, "pos": [27, 6]}, "26;6": {"type": "grass", "variant": 8, "pos": [26, 6]}, "28;7": {"type": "grass", "variant": 11, "pos": [28, 7]}, "29;8": {"type": "grass", "variant": 11, "pos": [29, 8]}, "30;9": {"type": "grass", "variant": 11, "pos": [30, 9]}, "34;9": {"type": "grass", "variant": 12, "pos": [34, 9]}, "38;9": {"type": "grass", "variant": 12, "pos": [38, 9]}, "39;9": {"type": "grass", "variant": 12, "pos": [39, 9]}, "40;9": {"type": "grass", "variant": 12, "pos": [40, 9]}, "40;8": {"type": "mirror", "variant": 0, "pos": [40, 8]}, "19;7": {"type": "checkpoint", "variant": 0, "pos": [19, 7]}, "22;4": {"type": "coin", "variant": 0, "pos": [22, 4]}, "23;4": {"type": "coin", "variant": 0, "pos": [23, 4]}, "24;4": {"type": "coin", "variant": 0, "pos": [24, 4]}, "34;8": {"type": "coin", "variant": 0, "pos": [34, 8]}, "14;9": {"type": "coin", "variant": 0, "pos": [14, 9]}, "13;9": {"type": "coin", "variant": 0, "pos": [13, 9]}, "9;7": {"type": "coin", "variant": 0, "pos": [9, 7]}, "10;7": {"type": "coin", "variant": 0, "pos": [10, 7]}, "8;10": {"type": "grass", "variant": 11, "pos": [8, 10]}, "15;10": {"type": "grass", "variant": 11, "pos": [15, 10]}, "21;5": {"type": "grass", "variant": 10, "pos": [21, 5]}, "17;8": {"type": "grass", "variant": 10, "pos": [17, 8]}, "12;10": {"type": "grass", "variant": 10, "pos": [12, 10]}, "5;10": {"type": "grass", "variant": 10, "pos": [5, 10]}, "0;2": {"type": "grass", "variant": 11, "pos": [0, 2]}, "0;3": {"type": "grass", "variant": 6, "pos": [0, 3]}, "0;4": {"type": "grass", "variant": 6, "pos": [0, 4]}, "0;5": {"type": "grass", "variant": 6, "pos": [0, 5]}, "0;6": {"type": "grass", "variant": 6, "pos": [0, 6]}, "1;8": {"type": "grass", "variant": 6, "pos": [1, 8]}, "1;9": {"type": "grass", "variant": 6, "pos": [1, 9]}, "1;10": {"type": "grass", "variant": 6, "pos": [1, 10]}, "1;11": {"type": "grass", "variant": 8, "pos": [1, 11]}, "0;7": {"type": "grass", "variant": 8, "pos": [0, 7]}, "0;8": {"type": "grass", "variant": 7, "pos": [0, 8]}, "0;9": {"type": "grass", "variant": 7, "pos": [0, 9]}, "0;10": {"type": "grass", "variant": 7, "pos": [0, 10]}, "0;11": {"type": "grass", "variant": 7, "pos": [0, 11]}, "-1;3": {"type": "grass", "variant": 7, "pos": [-1, 3]}, "-2;3": {"type": "grass", "variant": 7, "pos": [-2, 3]}, "-3;3": {"type": "grass", "variant": 7, "pos": [-3, 3]}, "-4;3": {"type": "grass", "variant": 7, "pos": [-4, 3]}, "-4;4": {"type": "grass", "variant": 7, "pos": [-4, 4]}, "-4;5": {"type": "grass", "variant": 7, "pos": [-4, 5]}, "-4;6": {"type": "grass", "variant": 7, "pos": [-4, 6]}, "-4;7": {"type": "grass", "variant": 7, "pos": [-4, 7]}, "-4;8": {"type": "grass", "variant": 7, "pos": [-4, 8]}, "-4;9": {"type": "grass", "variant": 7, "pos": [-4, 9]}, "-4;10": {"type": "grass", "variant": 7, "pos": [-4, 10]}, "-4;11": {"type": "grass", "variant": 7, "pos": [-4, 11]}, "-4;12": {"type": "grass", "variant": 7, "pos": [-4, 12]}, "-4;13": {"type": "grass", "variant": 7, "pos": [-4, 13]}, "-4;14": {"type": "grass", "variant": 7, "pos": [-4, 14]}, "-3;14": {"type": "grass", "variant": 7, "pos": [-3, 14]}, "-2;14": {"type": "grass", "variant": 7, "pos": [-2, 14]}, "-1;14": {"type": "grass", "variant": 7, "pos": [-1, 14]}, "0;14": {"type": "grass", "variant": 7, "pos": [0, 14]}, "1;14": {"type": "grass", "variant": 7, "pos": [1, 14]}, "2;14": {"type": "grass", "variant": 7, "pos": [2, 14]}, "3;14": {"type": "grass", "variant": 7, "pos": [3, 14]}, "4;14": {"type": "grass", "variant": 7, "pos": [4, 14]}, "5;14": {"type": "grass", "variant": 7, "pos": [5, 14]}, "6;14": {"type": "grass", "variant": 7, "pos": [6, 14]}, "7;14": {"type": "grass", "variant": 7, "pos": [7, 14]}, "7;13": {"type": "grass", "variant": 7, "pos": [7, 13]}, "7;12": {"type": "grass", "variant": 7, "pos": [7, 12]}, "7;11": {"type": "grass", "variant": 7, "pos": [7, 11]}, "6;11": {"type": "grass", "variant": 7, "pos": [6, 11]}, "6;12": {"type": "grass", "variant": 7, "pos": [6, 12]}, "6;13": {"type": "grass", "variant": 7, "pos": [6, 13]}, "5;12": {"type": "grass", "variant": 7, "pos": [5, 12]}, "4;12": {"type": "grass", "variant": 7, "pos": [4, 12]}, "3;12": {"type": "grass", "variant": 7, "pos": [3, 12]}, "2;12": {"type": "grass", "variant": 7, "pos": [2, 12]}, "1;12": {"type": "grass", "variant": 7, "pos": [1, 12]}, "0;12": {"type": "grass", "variant": 7, "pos": [0, 12]}, "-1;12": {"type": "grass", "variant": 7, "pos": [-1, 12]}, "-1;11": {"type": "grass", "variant": 7, "pos": [-1, 11]}, "-2;11": {"type": "grass", "variant": 7, "pos": [-2, 11]}, "-2;10": {"type": "grass", "variant": 7, "pos": [-2, 10]}, "-2;9": {"type": "grass", "variant": 7, "pos": [-2, 9]}, "-2;8": {"type": "grass", "variant": 7, "pos": [-2, 8]}, "-2;7": {"type": "grass", "variant": 7, "pos": [-2, 7]}, "-2;6": {"type": "grass", "variant": 7, "pos": [-2, 6]}, "-2;5": {"type": "grass", "variant": 7, "pos": [-2, 5]}, "-1;10": {"type": "grass", "variant": 7, "pos": [-1, 10]}, "-1;9": {"type": "grass", "variant": 7, "pos": [-1, 9]}, "-1;8": {"type": "grass", "variant": 7, "pos": [-1, 8]}, "-1;7": {"type": "grass", "variant": 7, "pos": [-1, 7]}, "-1;6": {"type": "grass", "variant": 7, "pos": [-1, 6]}, "-1;4": {"type": "grass", "variant": 7, "pos": [-1, 4]}, "-1;5": {"type": "grass", "variant": 7, "pos": [-1, 5]}, "-2;4": {"type": "grass", "variant": 7, "pos": [-2, 4]}, "-3;4": {"type": "grass", "variant": 7, "pos": [-3, 4]}, "-3;5": {"type": "grass", "variant": 7, "pos": [-3, 5]}, "-3;6": {"type": "grass", "variant": 7, "pos": [-3, 6]}, "-3;7": {"type": "grass", "variant": 7, "pos": [-3, 7]}, "-3;8": {"type": "grass", "variant": 7, "pos": [-3, 8]}, "-3;9": {"type": "grass", "variant": 7, "pos": [-3, 9]}, "-3;10": {"type": "grass", "variant": 7, "pos": [-3, 10]}, "-3;11": {"type": "grass", "variant": 7, "pos": [-3, 11]}, "-3;12": {"type": "grass", "variant": 7, "pos": [-3, 12]}, "-3;13": {"type": "grass", "variant": 7, "pos": [-3, 13]}, "-2;13": {"type": "grass", "variant": 7, "pos": [-2, 13]}, "-2;12": {"type": "grass", "variant": 7, "pos": [-2, 12]}, "-1;13": {"type": "grass", "variant": 7, "pos": [-1, 13]}, "0;13": {"type": "grass", "variant": 7, "pos": [0, 13]}, "1;13": {"type": "grass", "variant": 7, "pos": [1, 13]}, "3;13": {"type": "grass", "variant": 7, "pos": [3, 13]}, "4;13": {"type": "grass", "variant": 7, "pos": [4, 13]}, "5;13": {"type": "grass", "variant": 7, "pos": [5, 13]}, "2;13": {"type": "grass", "variant": 7, "pos": [2, 13]}, "13;11": {"type": "grass", "variant": 7, "pos": [13, 11]}, "13;12": {"type": "grass", "variant": 7, "pos": [13, 12]}, "13;13": {"type": "grass", "variant": 7, "pos": [13, 13]}, "13;14": {"type": "grass", "variant": 7, "pos": [13, 14]}, "14;14": {"type": "grass", "variant": 7, "pos": [14, 14]}, "14;13": {"type": "grass", "variant": 7, "pos": [14, 13]}, "14;12": {"type": "grass", "variant": 7, "pos": [14, 12]}, "14;11": {"type": "grass", "variant": 7, "pos": [14, 11]}, "18;9": {"type": "grass", "variant": 7, "pos": [18, 9]}, "18;10": {"type": "grass", "variant": 7, "pos": [18, 10]}, "18;11": {"type": "grass", "variant": 7, "pos": [18, 11]}, "18;12": {"type": "grass", "variant": 7, "pos": [18, 12]}, "18;13": {"type": "grass", "variant": 7, "pos": [18, 13]}, "18;14": {"type": "grass", "variant": 7, "pos": [18, 14]}, "19;14": {"type": "grass", "variant": 7, "pos": [19, 14]}, "19;13": {"type": "grass", "variant": 7, "pos": [19, 13]}, "19;12": {"type": "grass", "variant": 7, "pos": [19, 12]}, "19;10": {"type": "grass", "variant": 7, "pos": [19, 10]}, "19;9": {"type": "grass", "variant": 7, "pos": [19, 9]}, "19;11": {"type": "grass", "variant": 7, "pos": [19, 11]}, "22;6": {"type": "grass", "variant": 7, "pos": [22, 6]}, "22;8": {"type": "grass", "variant": 7, "pos": [22, 8]}, "22;7": {"type": "grass", "variant": 7, "pos": [22, 7]}, "22;9": {"type": "grass", "variant": 7, "pos": [22, 9]}, "21;9": {"type": "grass", "variant": 7, "pos": [21, 9]}, "20;9": {"type": "grass", "variant": 7, "pos": [20, 9]}, "20;10": {"type": "grass", "variant": 7, "pos": [20, 10]}, "20;11": {"type": "grass", "variant": 7, "pos": [20, 11]}, "20;12": {"type": "grass", "variant": 7, "pos": [20, 12]}, "20;13": {"type": "grass", "variant": 7, "pos": [20, 13]}, "20;14": {"type": "grass", "variant": 7, "pos": [20, 14]}, "21;14": {"type": "grass", "variant": 7, "pos": [21, 14]}, "22;14": {"type": "grass", "variant": 7, "pos": [22, 14]}, "23;14": {"type": "grass", "variant": 7, "pos": [23, 14]}, "24;14": {"type": "grass", "variant": 7, "pos": [24, 14]}, "26;14": {"type": "grass", "variant": 7, "pos": [26, 14]}, "27;14": {"type": "grass", "variant": 7, "pos": [27, 14]}, "28;14": {"type": "grass", "variant": 7, "pos": [28, 14]}, "29;14": {"type": "grass", "variant": 7, "pos": [29, 14]}, "29;10": {"type": "grass", "variant": 7, "pos": [29, 10]}, "29;11": {"type": "grass", "variant": 7, "pos": [29, 11]}, "29;12": {"type": "grass", "variant": 7, "pos": [29, 12]}, "29;13": {"type": "grass", "variant": 7, "pos": [29, 13]}, "25;14": {"type": "grass", "variant": 7, "pos": [25, 14]}, "28;9": {"type": "grass", "variant": 7, "pos": [28, 9]}, "28;10": {"type": "grass", "variant": 7, "pos": [28, 10]}, "28;11": {"type": "grass", "variant": 7, "pos": [28, 11]}, "28;12": {"type": "grass", "variant": 7, "pos": [28, 12]}, "28;13": {"type": "grass", "variant": 7, "pos": [28, 13]}, "27;8": {"type": "grass", "variant": 7, "pos": [27, 8]}, "27;9": {"type": "grass", "variant": 7, "pos": [27, 9]}, "27;10": {"type": "grass", "variant": 7, "pos": [27, 10]}, "27;11": {"type": "grass", "variant": 7, "pos": [27, 11]}, "27;12": {"type": "grass", "variant": 7, "pos": [27, 12]}, "27;13": {"type": "grass", "variant": 7, "pos": [27, 13]}, "26;7": {"type": "grass", "variant": 7, "pos": [26, 7]}, "26;8": {"type": "grass", "variant": 7, "pos": [26, 8]}, "26;9": {"type": "grass", "variant": 7, "pos": [26, 9]}, "26;10": {"type": "grass", "variant": 7, "pos": [26, 10]}, "26;11": {"type": "grass", "variant": 7, "pos": [26, 11]}, "26;12": {"type": "grass", "variant": 7, "pos": [26, 12]}, "26;13": {"type": "grass", "variant": 7, "pos": [26, 13]}, "23;6": {"type": "grass", "variant": 7, "pos": [23, 6]}, "23;7": {"type": "grass", "variant": 7, "pos": [23, 7]}, "23;9": {"type": "grass", "variant": 7, "pos": [23, 9]}, "23;10": {"type": "grass", "variant": 7, "pos": [23, 10]}, "23;11": {"type": "grass", "variant": 7, "pos": [23, 11]}, "23;12": {"type": "grass", "variant": 7, "pos": [23, 12]}, "23;8": {"type": "grass", "variant": 7, "pos": [23, 8]}, "23;13": {"type": "grass", "variant": 7, "pos": [23, 13]}, "21;13": {"type": "grass", "variant": 7, "pos": [21, 13]}, "22;13": {"type": "grass", "variant": 7, "pos": [22, 13]}, "22;12": {"type": "grass", "variant": 7, "pos": [22, 12]}, "22;11": {"type": "grass", "variant": 7, "pos": [22, 11]}, "21;11": {"type": "grass", "variant": 7, "pos": [21, 11]}, "21;12": {"type": "grass", "variant": 7, "pos": [21, 12]}, "21;10": {"type": "grass", "variant": 7, "pos": [21, 10]}, "22;10": {"type": "grass", "variant": 7, "pos": [22, 10]}, "24;6": {"type": "grass", "variant": 7, "pos": [24, 6]}, "25;6": {"type": "grass", "variant": 7, "pos": [25, 6]}, "25;7": {"type": "grass", "variant": 7, "pos": [25, 7]}, "25;8": {"type": "grass", "variant": 7, "pos": [25, 8]}, "25;9": {"type": "grass", "variant": 7, "pos": [25, 9]}, "25;10": {"type": "grass", "variant": 7, "pos": [25, 10]}, "25;11": {"type": "grass", "variant": 7, "pos": [25, 11]}, "25;12": {"type": "grass", "variant": 7, "pos": [25, 12]}, "25;13": {"type": "grass", "variant": 7, "pos": [25, 13]}, "24;13": {"type": "grass", "variant": 7, "pos": [24, 13]}, "24;12": {"type": "grass", "variant": 7, "pos": [24, 12]}, "24;11": {"type": "grass", "variant": 7, "pos": [24, 11]}, "24;10": {"type": "grass", "variant": 7, "pos": [24, 10]}, "24;9": {"type": "grass", "variant": 7, "pos": [24, 9]}, "24;8": {"type": "grass", "variant": 7, "pos": [24, 8]}, "24;7": {"type": "grass", "variant": 7, "pos": [24, 7]}, "34;10": {"type": "grass", "variant": 7, "pos": [34, 10]}, "34;11": {"type": "grass", "variant": 7, "pos": [34, 11]}, "34;12": {"type": "grass", "variant": 7, "pos": [34, 12]}, "34;13": {"type": "grass", "variant": 7, "pos": [34, 13]}, "34;14": {"type": "grass", "variant": 7, "pos": [34, 14]}, "38;10": {"type": "grass", "variant": 7, "pos": [38, 10]}, "38;11": {"type": "grass", "variant": 7, "pos": [38, 11]}, "38;12": {"type": "grass", "variant": 7, "pos": [38, 12]}, "38;13": {"type": "grass", "variant": 7, "pos": [38, 13]}, "38;14": {"type": "grass", "variant": 7, "pos": [38, 14]}, "39;14": {"type": "grass", "variant": 7, "pos": [39, 14]}, "40;14": {"type": "grass", "variant": 7, "pos": [40, 14]}, "40;13": {"type": "grass", "variant": 7, "pos": [40, 13]}, "40;12": {"type": "grass", "variant": 7, "pos": [40, 12]}, "40;11": {"type": "grass", "variant": 7, "pos": [40, 11]}, "40;10": {"type": "grass", "variant": 7, "pos": [40, 10]}, "39;10": {"type": "grass", "variant": 7, "pos": [39, 10]}, "39;12": {"type": "grass", "variant": 7, "pos": [39, 12]}, "39;13": {"type": "grass", "variant": 7, "pos": [39, 13]}, "39;11": {"type": "grass", "variant": 7, "pos": [39, 11]}, "29;9": {"type": "grass", "variant": 8, "pos": [29, 9]}, "28;8": {"type": "grass", "variant": 8, "pos": [28, 8]}, "27;7": {"type": "grass", "variant": 8, "pos": [27, 7]}, "5;11": {"type": "grass", "variant": 9, "pos": [5, 11]}, "21;8": {"type": "grass", "variant": 9, "pos": [21, 8]}, "33;9": {"type": "grass", "variant": 10, "pos": [33, 9]}, "37;9": {"type": "grass", "variant": 10, "pos": [37, 9]}, "1;7": {"type": "grass", "variant": 11, "pos": [1, 7]}, "35;9": {"type": "grass", "variant": 11, "pos": [35, 9]}, "30;10": {"type": "grass", "variant": 6, "pos": [30, 10]}, "30;11": {"type": "grass", "variant": 6, "pos": [30, 11]}, "30;12": {"type": "grass", "variant": 6, "pos": [30, 12]}, "30;13": {"type": "grass", "variant": 6, "pos": [30, 13]}, "30;14": {"type": "grass", "variant": 6, "pos": [30, 14]}, "33;10": {"type": "grass", "variant": 5, "pos": [33, 10]}, "33;11": {"type": "grass", "variant": 5, "pos": [33, 11]}, "33;12": {"type": "grass", "variant": 5, "pos": [33, 12]}, "33;13": {"type": "grass", "variant": 5, "pos": [33, 13]}, "33;14": {"type": "grass", "variant": 5, "pos": [33, 14]}, "35;14": {"type": "grass", "variant": 6, "pos": [35, 14]}, "35;13": {"type": "grass", "variant": 6, "pos": [35, 13]}, "35;12": {"type": "grass", "variant": 6, "pos": [35, 12]}, "35;11": {"type": "grass", "variant": 6, "pos": [35, 11]}, "35;10": {"type": "grass", "variant": 6, "pos": [35, 10]}, "37;10": {"type": "grass", "variant": 5, "pos": [37, 10]}, "37;11": {"type": "grass", "variant": 5, "pos": [37, 11]}, "37;12": {"type": "grass", "variant": 5, "pos": [37, 12]}, "37;13": {"type": "grass", "variant": 5, "pos": [37, 13]}, "37;14": {"type": "grass", "variant": 5, "pos": [37, 14]}, "21;7": {"type": "grass", "variant": 5, "pos": [21, 7]}, "21;6": {"type": "grass", "variant": 5, "pos": [21, 6]}, "17;9": {"type": "grass", "variant": 5, "pos": [17, 9]}, "17;10": {"type": "grass", "variant": 5, "pos": [17, 10]}, "17;11": {"type": "grass", "variant": 5, "pos": [17, 11]}, "17;12": {"type": "grass", "variant": 5, "pos": [17, 12]}, "17;13": {"type": "grass", "variant": 5, "pos": [17, 13]}, "17;14": {"type": "grass", "variant": 5, "pos": [17, 14]}, "12;11": {"type": "grass", "variant": 5, "pos": [12, 11]}, "12;12": {"type": "grass", "variant": 5, "pos": [12, 12]}, "12;13": {"type": "grass", "variant": 5, "pos": [12, 13]}, "12;14": {"type": "grass", "variant": 5, "pos": [12, 14]}, "8;11": {"type": "grass", "variant": 6, "pos": [8, 11]}, "8;12": {"type": "grass", "variant": 6, "pos": [8, 12]}, "8;13": {"type": "grass", "variant": 6, "pos": [8, 13]}, "8;14": {"type": "grass", "variant": 6, "pos": [8, 14]}, "15;11": {"type": "grass", "variant": 6, "pos": [15, 11]}, "15;12": {"type": "grass", "variant": 6, "pos": [15, 12]}, "15;13": {"type": "grass", "variant": 6, "pos": [15, 13]}, "15;14": {"type": "grass", "variant": 6, "pos": [15, 14]}, "20;7": {"type": "decor", "variant": 0, "pos": [20, 7]}, "15;9": {"type": "decor", "variant": 0, "pos": [15, 9]}, "7;9": {"type": "decor", "variant": 1, "pos": [7, 9]}, "6;9": {"type": "decor", "variant": 0, "pos": [6, 9]}, "-4;2": {"type": "grass", "variant": 10, "pos": [-4, 2]}, "-3;2": {"type": "grass", "variant": 12, "pos": [-3, 2]}, "-2;2": {"type": "grass", "variant": 12, "pos": [-2, 2]}, "-1;2": {"type": "grass", "variant": 12, "pos": [-1, 2]}, "-3;1": {"type": "decor", "variant": 0, "pos": [-3, 1]}, "-1;1": {"type": "decor", "variant": 1, "pos": [-1, 1]}, "2;10": {"type": "decor", "variant": 1, "pos": [2, 10]}, "38;8": {"type": "decor", "variant": 0, "pos": [38, 8]}, "25;4": {"type": "decor", "variant": 1, "pos": [25, 4]}}, "tile_size": 16, "offgrid": []}