{
    "tilemap": {},
    "layer0": {
        "2;2": {
            "type": "world-1",
            "variant": 2,
            "pos": [
                2,
                2
            ],
            "layer": 0
        },
        "3;2": {
            "type": "world-1",
            "variant": 5,
            "pos": [
                3,
                2
            ],
            "layer": 0
        },
        "4;2": {
            "type": "world-1",
            "variant": 5,
            "pos": [
                4,
                2
            ],
            "layer": 0
        },
        "5;2": {
            "type": "world-1",
            "variant": 5,
            "pos": [
                5,
                2
            ],
            "layer": 0
        },
        "9;3": {
            "type": "world-1",
            "variant": 3,
            "pos": [
                9,
                3
            ],
            "layer": 0
        },
        "10;3": {
            "type": "world-1",
            "variant": 3,
            "pos": [
                10,
                3
            ],
            "layer": 0
        },
        "10;2": {
            "type": "world-1",
            "variant": 3,
            "pos": [
                10,
                2
            ],
            "layer": 0
        },
        "9;2": {
            "type": "world-1",
            "variant": 3,
            "pos": [
                9,
                2
            ],
            "layer": 0
        },
        "8;2": {
            "type": "world-1",
            "variant": 3,
            "pos": [
                8,
                2
            ],
            "layer": 0
        },
        "5;3": {
            "type": "world-1",
            "variant": 2,
            "pos": [
                5,
                3
            ],
            "layer": 0
        },
        "4;3": {
            "type": "world-1",
            "variant": 5,
            "pos": [
                4,
                3
            ],
            "layer": 0
        },
        "3;3": {
            "type": "world-1",
            "variant": 5,
            "pos": [
                3,
                3
            ],
            "layer": 0
        },
        "2;3": {
            "type": "world-1",
            "variant": 2,
            "pos": [
                2,
                3
            ],
            "layer": 0
        },
        "2;4": {
            "type": "world-1",
            "variant": 2,
            "pos": [
                2,
                4
            ],
            "layer": 0
        },
        "2;5": {
            "type": "world-1",
            "variant": 5,
            "pos": [
                2,
                5
            ],
            "layer": 0
        },
        "2;6": {
            "type": "world-1",
            "variant": 5,
            "pos": [
                2,
                6
            ],
            "layer": 0
        },
        "2;7": {
            "type": "world-1",
            "variant": 5,
            "pos": [
                2,
                7
            ],
            "layer": 0
        },
        "3;7": {
            "type": "world-1",
            "variant": 5,
            "pos": [
                3,
                7
            ],
            "layer": 0
        },
        "3;8": {
            "type": "world-1",
            "variant": 5,
            "pos": [
                3,
                8
            ],
            "layer": 0
        },
        "3;9": {
            "type": "world-1",
            "variant": 5,
            "pos": [
                3,
                9
            ],
            "layer": 0
        },
        "2;9": {
            "type": "world-1",
            "variant": 2,
            "pos": [
                2,
                9
            ],
            "layer": 0
        },
        "2;8": {
            "type": "world-1",
            "variant": 2,
            "pos": [
                2,
                8
            ],
            "layer": 0
        },
        "3;4": {
            "type": "world-1",
            "variant": 5,
            "pos": [
                3,
                4
            ],
            "layer": 0
        },
        "3;5": {
            "type": "world-1",
            "variant": 5,
            "pos": [
                3,
                5
            ],
            "layer": 0
        },
        "3;6": {
            "type": "world-1",
            "variant": 2,
            "pos": [
                3,
                6
            ],
            "layer": 0
        },
        "4;6": {
            "type": "world-1",
            "variant": 2,
            "pos": [
                4,
                6
            ],
            "layer": 0
        },
        "4;7": {
            "type": "world-1",
            "variant": 2,
            "pos": [
                4,
                7
            ],
            "layer": 0
        },
        "4;5": {
            "type": "world-1",
            "variant": 2,
            "pos": [
                4,
                5
            ],
            "layer": 0
        },
        "4;4": {
            "type": "world-1",
            "variant": 2,
            "pos": [
                4,
                4
            ],
            "layer": 0
        },
        "5;4": {
            "type": "world-1",
            "variant": 2,
            "pos": [
                5,
                4
            ],
            "layer": 0
        },
        "5;5": {
            "type": "world-1",
            "variant": 2,
            "pos": [
                5,
                5
            ],
            "layer": 0
        },
        "5;6": {
            "type": "world-1",
            "variant": 2,
            "pos": [
                5,
                6
            ],
            "layer": 0
        },
        "5;7": {
            "type": "world-1",
            "variant": 2,
            "pos": [
                5,
                7
            ],
            "layer": 0
        },
        "5;8": {
            "type": "world-1",
            "variant": 2,
            "pos": [
                5,
                8
            ],
            "layer": 0
        },
        "4;8": {
            "type": "world-1",
            "variant": 2,
            "pos": [
                4,
                8
            ],
            "layer": 0
        },
        "4;9": {
            "type": "world-1",
            "variant": 5,
            "pos": [
                4,
                9
            ],
            "layer": 0
        },
        "5;9": {
            "type": "world-1",
            "variant": 2,
            "pos": [
                5,
                9
            ],
            "layer": 0
        },
        "6;9": {
            "type": "world-1",
            "variant": 2,
            "pos": [
                6,
                9
            ],
            "layer": 0
        },
        "7;9": {
            "type": "world-1",
            "variant": 2,
            "pos": [
                7,
                9
            ],
            "layer": 0
        },
        "7;8": {
            "type": "world-1",
            "variant": 2,
            "pos": [
                7,
                8
            ],
            "layer": 0
        },
        "7;7": {
            "type": "world-1",
            "variant": 2,
            "pos": [
                7,
                7
            ],
            "layer": 0
        },
        "7;6": {
            "type": "world-1",
            "variant": 2,
            "pos": [
                7,
                6
            ],
            "layer": 0
        },
        "7;5": {
            "type": "world-1",
            "variant": 2,
            "pos": [
                7,
                5
            ],
            "layer": 0
        },
        "6;5": {
            "type": "world-1",
            "variant": 2,
            "pos": [
                6,
                5
            ],
            "layer": 0
        },
        "6;4": {
            "type": "world-1",
            "variant": 2,
            "pos": [
                6,
                4
            ],
            "layer": 0
        },
        "8;6": {
            "type": "world-1",
            "variant": 2,
            "pos": [
                8,
                6
            ],
            "layer": 0
        },
        "8;7": {
            "type": "world-1",
            "variant": 2,
            "pos": [
                8,
                7
            ],
            "layer": 0
        },
        "8;8": {
            "type": "world-1",
            "variant": 2,
            "pos": [
                8,
                8
            ],
            "layer": 0
        },
        "8;9": {
            "type": "world-1",
            "variant": 2,
            "pos": [
                8,
                9
            ],
            "layer": 0
        },
        "9;9": {
            "type": "world-1",
            "variant": 2,
            "pos": [
                9,
                9
            ],
            "layer": 0
        },
        "9;8": {
            "type": "world-1",
            "variant": 2,
            "pos": [
                9,
                8
            ],
            "layer": 0
        },
        "10;8": {
            "type": "world-1",
            "variant": 2,
            "pos": [
                10,
                8
            ],
            "layer": 0
        },
        "10;7": {
            "type": "world-1",
            "variant": 2,
            "pos": [
                10,
                7
            ],
            "layer": 0
        },
        "9;7": {
            "type": "world-1",
            "variant": 2,
            "pos": [
                9,
                7
            ],
            "layer": 0
        },
        "10;9": {
            "type": "world-1",
            "variant": 2,
            "pos": [
                10,
                9
            ],
            "layer": 0
        },
        "6;8": {
            "type": "world-1",
            "variant": 2,
            "pos": [
                6,
                8
            ],
            "layer": 0
        },
        "6;7": {
            "type": "world-1",
            "variant": 2,
            "pos": [
                6,
                7
            ],
            "layer": 0
        },
        "6;6": {
            "type": "world-1",
            "variant": 2,
            "pos": [
                6,
                6
            ],
            "layer": 0
        },
        "7;3": {
            "type": "world-1",
            "variant": 5,
            "pos": [
                7,
                3
            ],
            "layer": 0
        },
        "7;4": {
            "type": "world-1",
            "variant": 5,
            "pos": [
                7,
                4
            ],
            "layer": 0
        },
        "6;3": {
            "type": "world-1",
            "variant": 5,
            "pos": [
                6,
                3
            ],
            "layer": 0
        },
        "6;2": {
            "type": "world-1",
            "variant": 5,
            "pos": [
                6,
                2
            ],
            "layer": 0
        },
        "7;2": {
            "type": "world-1",
            "variant": 5,
            "pos": [
                7,
                2
            ],
            "layer": 0
        },
        "8;3": {
            "type": "world-1",
            "variant": 5,
            "pos": [
                8,
                3
            ],
            "layer": 0
        },
        "8;4": {
            "type": "world-1",
            "variant": 5,
            "pos": [
                8,
                4
            ],
            "layer": 0
        },
        "8;5": {
            "type": "world-1",
            "variant": 5,
            "pos": [
                8,
                5
            ],
            "layer": 0
        },
        "9;4": {
            "type": "world-1",
            "variant": 5,
            "pos": [
                9,
                4
            ],
            "layer": 0
        },
        "10;6": {
            "type": "world-1",
            "variant": 5,
            "pos": [
                10,
                6
            ],
            "layer": 0
        },
        "9;6": {
            "type": "world-1",
            "variant": 5,
            "pos": [
                9,
                6
            ],
            "layer": 0
        },
        "10;5": {
            "type": "world-1",
            "variant": 5,
            "pos": [
                10,
                5
            ],
            "layer": 0
        },
        "9;5": {
            "type": "world-1",
            "variant": 5,
            "pos": [
                9,
                5
            ],
            "layer": 0
        }
    },
    "layer1": {
        "7;3": {
            "type": "button2",
            "variant": 0,
            "pos": [
                7,
                3
            ],
            "layer": 1,
            "special": {
                "map": "1-1"
            }
        },
        "10;6": {
            "type": "button1",
            "variant": 0,
            "pos": [
                10,
                6
            ],
            "layer": 1,
            "special": {
                "map": "1-2"
            }
        }
    },
    "layer2": {
        "10;4": {
            "type": "world-1",
            "variant": 3,
            "pos": [
                10,
                4
            ],
            "layer": 2
        }
    },
    "layer3": {},
    "tile_size": 16
}