{
    "header": {
        "world": 1,
        "level": 1,
        "worldSpawn": [
            100,
            100
        ]
    },
    "tilemap": {
        "8;8": {
            "type": "grass",
            "variant": 12,
            "pos": [
                8,
                8
            ]
        },
        "7;8": {
            "type": "grass",
            "variant": 12,
            "pos": [
                7,
                8
            ]
        },
        "6;8": {
            "type": "grass",
            "variant": 12,
            "pos": [
                6,
                8
            ]
        },
        "5;8": {
            "type": "grass",
            "variant": 12,
            "pos": [
                5,
                8
            ]
        },
        "3;8": {
            "type": "grass",
            "variant": 12,
            "pos": [
                3,
                8
            ]
        },
        "2;8": {
            "type": "grass",
            "variant": 12,
            "pos": [
                2,
                8
            ]
        },
        "2;9": {
            "type": "grass",
            "variant": 7,
            "pos": [
                2,
                9
            ]
        },
        "2;10": {
            "type": "grass",
            "variant": 7,
            "pos": [
                2,
                10
            ]
        },
        "3;10": {
            "type": "grass",
            "variant": 7,
            "pos": [
                3,
                10
            ]
        },
        "4;10": {
            "type": "grass",
            "variant": 7,
            "pos": [
                4,
                10
            ]
        },
        "5;10": {
            "type": "grass",
            "variant": 7,
            "pos": [
                5,
                10
            ]
        },
        "6;10": {
            "type": "grass",
            "variant": 7,
            "pos": [
                6,
                10
            ]
        },
        "7;10": {
            "type": "grass",
            "variant": 7,
            "pos": [
                7,
                10
            ]
        },
        "8;10": {
            "type": "grass",
            "variant": 7,
            "pos": [
                8,
                10
            ]
        },
        "9;10": {
            "type": "grass",
            "variant": 7,
            "pos": [
                9,
                10
            ]
        },
        "10;10": {
            "type": "grass",
            "variant": 7,
            "pos": [
                10,
                10
            ]
        },
        "10;9": {
            "type": "grass",
            "variant": 7,
            "pos": [
                10,
                9
            ]
        },
        "9;9": {
            "type": "grass",
            "variant": 7,
            "pos": [
                9,
                9
            ]
        },
        "8;9": {
            "type": "grass",
            "variant": 7,
            "pos": [
                8,
                9
            ]
        },
        "7;9": {
            "type": "grass",
            "variant": 7,
            "pos": [
                7,
                9
            ]
        },
        "6;9": {
            "type": "grass",
            "variant": 7,
            "pos": [
                6,
                9
            ]
        },
        "5;9": {
            "type": "grass",
            "variant": 7,
            "pos": [
                5,
                9
            ]
        },
        "4;9": {
            "type": "grass",
            "variant": 7,
            "pos": [
                4,
                9
            ]
        },
        "3;9": {
            "type": "grass",
            "variant": 7,
            "pos": [
                3,
                9
            ]
        },
        "3;11": {
            "type": "grass",
            "variant": 7,
            "pos": [
                3,
                11
            ]
        },
        "4;11": {
            "type": "grass",
            "variant": 7,
            "pos": [
                4,
                11
            ]
        },
        "5;11": {
            "type": "grass",
            "variant": 7,
            "pos": [
                5,
                11
            ]
        },
        "6;11": {
            "type": "grass",
            "variant": 7,
            "pos": [
                6,
                11
            ]
        },
        "7;11": {
            "type": "grass",
            "variant": 7,
            "pos": [
                7,
                11
            ]
        },
        "8;11": {
            "type": "grass",
            "variant": 7,
            "pos": [
                8,
                11
            ]
        },
        "9;11": {
            "type": "grass",
            "variant": 7,
            "pos": [
                9,
                11
            ]
        },
        "3;7": {
            "type": "decor",
            "variant": 0,
            "pos": [
                3,
                7
            ]
        },
        "4;8": {
            "type": "grass",
            "variant": 12,
            "pos": [
                4,
                8
            ]
        },
        "7;7": {
            "type": "decor",
            "variant": 1,
            "pos": [
                7,
                7
            ]
        },
        "14;7": {
            "type": "grass",
            "variant": 12,
            "pos": [
                14,
                7
            ]
        },
        "13;7": {
            "type": "grass",
            "variant": 12,
            "pos": [
                13,
                7
            ]
        },
        "13;8": {
            "type": "grass",
            "variant": 7,
            "pos": [
                13,
                8
            ]
        },
        "13;9": {
            "type": "grass",
            "variant": 7,
            "pos": [
                13,
                9
            ]
        },
        "14;10": {
            "type": "grass",
            "variant": 7,
            "pos": [
                14,
                10
            ]
        },
        "15;10": {
            "type": "grass",
            "variant": 7,
            "pos": [
                15,
                10
            ]
        },
        "15;9": {
            "type": "grass",
            "variant": 7,
            "pos": [
                15,
                9
            ]
        },
        "16;9": {
            "type": "grass",
            "variant": 7,
            "pos": [
                16,
                9
            ]
        },
        "16;8": {
            "type": "grass",
            "variant": 7,
            "pos": [
                16,
                8
            ]
        },
        "16;7": {
            "type": "grass",
            "variant": 12,
            "pos": [
                16,
                7
            ]
        },
        "15;7": {
            "type": "grass",
            "variant": 12,
            "pos": [
                15,
                7
            ]
        },
        "15;8": {
            "type": "grass",
            "variant": 7,
            "pos": [
                15,
                8
            ]
        },
        "14;8": {
            "type": "grass",
            "variant": 7,
            "pos": [
                14,
                8
            ]
        },
        "14;9": {
            "type": "grass",
            "variant": 7,
            "pos": [
                14,
                9
            ]
        },
        "9;8": {
            "type": "grass",
            "variant": 12,
            "pos": [
                9,
                8
            ]
        },
        "10;8": {
            "type": "grass",
            "variant": 12,
            "pos": [
                10,
                8
            ]
        },
        "10;11": {
            "type": "grass",
            "variant": 7,
            "pos": [
                10,
                11
            ]
        },
        "2;11": {
            "type": "grass",
            "variant": 7,
            "pos": [
                2,
                11
            ]
        },
        "2;12": {
            "type": "grass",
            "variant": 7,
            "pos": [
                2,
                12
            ]
        },
        "3;13": {
            "type": "grass",
            "variant": 7,
            "pos": [
                3,
                13
            ]
        },
        "4;13": {
            "type": "grass",
            "variant": 7,
            "pos": [
                4,
                13
            ]
        },
        "6;14": {
            "type": "grass",
            "variant": 7,
            "pos": [
                6,
                14
            ]
        },
        "8;14": {
            "type": "grass",
            "variant": 7,
            "pos": [
                8,
                14
            ]
        },
        "12;14": {
            "type": "grass",
            "variant": 7,
            "pos": [
                12,
                14
            ]
        },
        "13;14": {
            "type": "grass",
            "variant": 7,
            "pos": [
                13,
                14
            ]
        },
        "14;14": {
            "type": "grass",
            "variant": 7,
            "pos": [
                14,
                14
            ]
        },
        "15;14": {
            "type": "grass",
            "variant": 7,
            "pos": [
                15,
                14
            ]
        },
        "16;14": {
            "type": "grass",
            "variant": 7,
            "pos": [
                16,
                14
            ]
        },
        "17;14": {
            "type": "grass",
            "variant": 7,
            "pos": [
                17,
                14
            ]
        },
        "18;14": {
            "type": "grass",
            "variant": 7,
            "pos": [
                18,
                14
            ]
        },
        "19;14": {
            "type": "grass",
            "variant": 7,
            "pos": [
                19,
                14
            ]
        },
        "19;13": {
            "type": "grass",
            "variant": 7,
            "pos": [
                19,
                13
            ]
        },
        "19;12": {
            "type": "grass",
            "variant": 7,
            "pos": [
                19,
                12
            ]
        },
        "19;11": {
            "type": "grass",
            "variant": 7,
            "pos": [
                19,
                11
            ]
        },
        "19;10": {
            "type": "grass",
            "variant": 7,
            "pos": [
                19,
                10
            ]
        },
        "19;9": {
            "type": "grass",
            "variant": 7,
            "pos": [
                19,
                9
            ]
        },
        "19;8": {
            "type": "grass",
            "variant": 7,
            "pos": [
                19,
                8
            ]
        },
        "18;8": {
            "type": "grass",
            "variant": 7,
            "pos": [
                18,
                8
            ]
        },
        "17;8": {
            "type": "grass",
            "variant": 7,
            "pos": [
                17,
                8
            ]
        },
        "12;8": {
            "type": "grass",
            "variant": 7,
            "pos": [
                12,
                8
            ]
        },
        "17;9": {
            "type": "grass",
            "variant": 7,
            "pos": [
                17,
                9
            ]
        },
        "18;9": {
            "type": "grass",
            "variant": 7,
            "pos": [
                18,
                9
            ]
        },
        "20;10": {
            "type": "grass",
            "variant": 7,
            "pos": [
                20,
                10
            ]
        },
        "18;10": {
            "type": "grass",
            "variant": 7,
            "pos": [
                18,
                10
            ]
        },
        "17;10": {
            "type": "grass",
            "variant": 7,
            "pos": [
                17,
                10
            ]
        },
        "16;11": {
            "type": "grass",
            "variant": 7,
            "pos": [
                16,
                11
            ]
        },
        "15;11": {
            "type": "grass",
            "variant": 7,
            "pos": [
                15,
                11
            ]
        },
        "14;12": {
            "type": "grass",
            "variant": 7,
            "pos": [
                14,
                12
            ]
        },
        "20;14": {
            "type": "grass",
            "variant": 7,
            "pos": [
                20,
                14
            ]
        },
        "20;13": {
            "type": "grass",
            "variant": 7,
            "pos": [
                20,
                13
            ]
        },
        "20;12": {
            "type": "grass",
            "variant": 7,
            "pos": [
                20,
                12
            ]
        },
        "20;11": {
            "type": "grass",
            "variant": 7,
            "pos": [
                20,
                11
            ]
        },
        "20;9": {
            "type": "grass",
            "variant": 7,
            "pos": [
                20,
                9
            ]
        },
        "20;8": {
            "type": "grass",
            "variant": 7,
            "pos": [
                20,
                8
            ]
        },
        "13;10": {
            "type": "grass",
            "variant": 7,
            "pos": [
                13,
                10
            ]
        },
        "12;10": {
            "type": "grass",
            "variant": 7,
            "pos": [
                12,
                10
            ]
        },
        "11;10": {
            "type": "grass",
            "variant": 7,
            "pos": [
                11,
                10
            ]
        },
        "11;11": {
            "type": "grass",
            "variant": 7,
            "pos": [
                11,
                11
            ]
        },
        "11;9": {
            "type": "grass",
            "variant": 7,
            "pos": [
                11,
                9
            ]
        },
        "16;12": {
            "type": "grass",
            "variant": 7,
            "pos": [
                16,
                12
            ]
        },
        "17;12": {
            "type": "grass",
            "variant": 7,
            "pos": [
                17,
                12
            ]
        },
        "18;13": {
            "type": "grass",
            "variant": 7,
            "pos": [
                18,
                13
            ]
        },
        "11;14": {
            "type": "grass",
            "variant": 7,
            "pos": [
                11,
                14
            ]
        },
        "10;14": {
            "type": "grass",
            "variant": 7,
            "pos": [
                10,
                14
            ]
        },
        "9;14": {
            "type": "grass",
            "variant": 7,
            "pos": [
                9,
                14
            ]
        },
        "7;14": {
            "type": "grass",
            "variant": 7,
            "pos": [
                7,
                14
            ]
        },
        "5;14": {
            "type": "grass",
            "variant": 7,
            "pos": [
                5,
                14
            ]
        },
        "4;14": {
            "type": "grass",
            "variant": 7,
            "pos": [
                4,
                14
            ]
        },
        "3;14": {
            "type": "grass",
            "variant": 7,
            "pos": [
                3,
                14
            ]
        },
        "2;14": {
            "type": "grass",
            "variant": 7,
            "pos": [
                2,
                14
            ]
        },
        "2;13": {
            "type": "grass",
            "variant": 7,
            "pos": [
                2,
                13
            ]
        },
        "3;12": {
            "type": "grass",
            "variant": 7,
            "pos": [
                3,
                12
            ]
        },
        "5;12": {
            "type": "grass",
            "variant": 7,
            "pos": [
                5,
                12
            ]
        },
        "4;12": {
            "type": "grass",
            "variant": 7,
            "pos": [
                4,
                12
            ]
        },
        "6;12": {
            "type": "grass",
            "variant": 7,
            "pos": [
                6,
                12
            ]
        },
        "7;12": {
            "type": "grass",
            "variant": 7,
            "pos": [
                7,
                12
            ]
        },
        "10;13": {
            "type": "grass",
            "variant": 7,
            "pos": [
                10,
                13
            ]
        },
        "11;13": {
            "type": "grass",
            "variant": 7,
            "pos": [
                11,
                13
            ]
        },
        "12;13": {
            "type": "grass",
            "variant": 7,
            "pos": [
                12,
                13
            ]
        },
        "13;13": {
            "type": "grass",
            "variant": 7,
            "pos": [
                13,
                13
            ]
        },
        "14;13": {
            "type": "grass",
            "variant": 7,
            "pos": [
                14,
                13
            ]
        },
        "15;13": {
            "type": "grass",
            "variant": 7,
            "pos": [
                15,
                13
            ]
        },
        "16;13": {
            "type": "grass",
            "variant": 7,
            "pos": [
                16,
                13
            ]
        },
        "17;13": {
            "type": "grass",
            "variant": 7,
            "pos": [
                17,
                13
            ]
        },
        "18;12": {
            "type": "grass",
            "variant": 7,
            "pos": [
                18,
                12
            ]
        },
        "18;11": {
            "type": "grass",
            "variant": 7,
            "pos": [
                18,
                11
            ]
        },
        "15;12": {
            "type": "grass",
            "variant": 7,
            "pos": [
                15,
                12
            ]
        },
        "16;10": {
            "type": "grass",
            "variant": 7,
            "pos": [
                16,
                10
            ]
        },
        "14;11": {
            "type": "grass",
            "variant": 7,
            "pos": [
                14,
                11
            ]
        },
        "13;11": {
            "type": "grass",
            "variant": 7,
            "pos": [
                13,
                11
            ]
        },
        "12;12": {
            "type": "grass",
            "variant": 7,
            "pos": [
                12,
                12
            ]
        },
        "12;9": {
            "type": "grass",
            "variant": 7,
            "pos": [
                12,
                9
            ]
        },
        "12;11": {
            "type": "grass",
            "variant": 7,
            "pos": [
                12,
                11
            ]
        },
        "13;12": {
            "type": "grass",
            "variant": 7,
            "pos": [
                13,
                12
            ]
        },
        "17;11": {
            "type": "grass",
            "variant": 7,
            "pos": [
                17,
                11
            ]
        },
        "11;12": {
            "type": "grass",
            "variant": 7,
            "pos": [
                11,
                12
            ]
        },
        "10;12": {
            "type": "grass",
            "variant": 7,
            "pos": [
                10,
                12
            ]
        },
        "9;12": {
            "type": "grass",
            "variant": 7,
            "pos": [
                9,
                12
            ]
        },
        "9;13": {
            "type": "grass",
            "variant": 7,
            "pos": [
                9,
                13
            ]
        },
        "8;13": {
            "type": "grass",
            "variant": 7,
            "pos": [
                8,
                13
            ]
        },
        "8;12": {
            "type": "grass",
            "variant": 7,
            "pos": [
                8,
                12
            ]
        },
        "7;13": {
            "type": "grass",
            "variant": 7,
            "pos": [
                7,
                13
            ]
        },
        "6;13": {
            "type": "grass",
            "variant": 7,
            "pos": [
                6,
                13
            ]
        },
        "5;13": {
            "type": "grass",
            "variant": 7,
            "pos": [
                5,
                13
            ]
        },
        "12;7": {
            "type": "grass",
            "variant": 12,
            "pos": [
                12,
                7
            ]
        },
        "17;7": {
            "type": "grass",
            "variant": 12,
            "pos": [
                17,
                7
            ]
        },
        "18;7": {
            "type": "grass",
            "variant": 12,
            "pos": [
                18,
                7
            ]
        },
        "11;8": {
            "type": "grass",
            "variant": 9,
            "pos": [
                11,
                8
            ]
        },
        "11;7": {
            "type": "grass",
            "variant": 10,
            "pos": [
                11,
                7
            ]
        },
        "1;9": {
            "type": "grass",
            "variant": 7,
            "pos": [
                1,
                9
            ]
        },
        "1;10": {
            "type": "grass",
            "variant": 7,
            "pos": [
                1,
                10
            ]
        },
        "1;11": {
            "type": "grass",
            "variant": 7,
            "pos": [
                1,
                11
            ]
        },
        "1;12": {
            "type": "grass",
            "variant": 7,
            "pos": [
                1,
                12
            ]
        },
        "1;13": {
            "type": "grass",
            "variant": 7,
            "pos": [
                1,
                13
            ]
        },
        "1;14": {
            "type": "grass",
            "variant": 7,
            "pos": [
                1,
                14
            ]
        },
        "0;14": {
            "type": "grass",
            "variant": 7,
            "pos": [
                0,
                14
            ]
        },
        "-1;14": {
            "type": "grass",
            "variant": 7,
            "pos": [
                -1,
                14
            ]
        },
        "-2;14": {
            "type": "grass",
            "variant": 7,
            "pos": [
                -2,
                14
            ]
        },
        "-3;14": {
            "type": "grass",
            "variant": 7,
            "pos": [
                -3,
                14
            ]
        },
        "-4;14": {
            "type": "grass",
            "variant": 7,
            "pos": [
                -4,
                14
            ]
        },
        "-5;14": {
            "type": "grass",
            "variant": 7,
            "pos": [
                -5,
                14
            ]
        },
        "-6;13": {
            "type": "grass",
            "variant": 7,
            "pos": [
                -6,
                13
            ]
        },
        "-7;13": {
            "type": "grass",
            "variant": 7,
            "pos": [
                -7,
                13
            ]
        },
        "-7;14": {
            "type": "grass",
            "variant": 7,
            "pos": [
                -7,
                14
            ]
        },
        "-6;14": {
            "type": "grass",
            "variant": 7,
            "pos": [
                -6,
                14
            ]
        },
        "-6;12": {
            "type": "grass",
            "variant": 7,
            "pos": [
                -6,
                12
            ]
        },
        "-6;11": {
            "type": "grass",
            "variant": 7,
            "pos": [
                -6,
                11
            ]
        },
        "-7;11": {
            "type": "grass",
            "variant": 7,
            "pos": [
                -7,
                11
            ]
        },
        "-7;10": {
            "type": "grass",
            "variant": 7,
            "pos": [
                -7,
                10
            ]
        },
        "-6;10": {
            "type": "grass",
            "variant": 7,
            "pos": [
                -6,
                10
            ]
        },
        "-6;9": {
            "type": "grass",
            "variant": 7,
            "pos": [
                -6,
                9
            ]
        },
        "-7;12": {
            "type": "grass",
            "variant": 7,
            "pos": [
                -7,
                12
            ]
        },
        "-7;9": {
            "type": "grass",
            "variant": 7,
            "pos": [
                -7,
                9
            ]
        },
        "-7;8": {
            "type": "grass",
            "variant": 7,
            "pos": [
                -7,
                8
            ]
        },
        "-7;7": {
            "type": "grass",
            "variant": 7,
            "pos": [
                -7,
                7
            ]
        },
        "-7;6": {
            "type": "grass",
            "variant": 7,
            "pos": [
                -7,
                6
            ]
        },
        "-7;5": {
            "type": "grass",
            "variant": 7,
            "pos": [
                -7,
                5
            ]
        },
        "-6;5": {
            "type": "grass",
            "variant": 7,
            "pos": [
                -6,
                5
            ]
        },
        "-6;4": {
            "type": "grass",
            "variant": 7,
            "pos": [
                -6,
                4
            ]
        },
        "-6;3": {
            "type": "grass",
            "variant": 7,
            "pos": [
                -6,
                3
            ]
        },
        "-7;4": {
            "type": "grass",
            "variant": 7,
            "pos": [
                -7,
                4
            ]
        },
        "-7;3": {
            "type": "grass",
            "variant": 7,
            "pos": [
                -7,
                3
            ]
        },
        "-5;3": {
            "type": "grass",
            "variant": 7,
            "pos": [
                -5,
                3
            ]
        },
        "-4;3": {
            "type": "grass",
            "variant": 7,
            "pos": [
                -4,
                3
            ]
        },
        "-3;3": {
            "type": "grass",
            "variant": 7,
            "pos": [
                -3,
                3
            ]
        },
        "0;9": {
            "type": "grass",
            "variant": 7,
            "pos": [
                0,
                9
            ]
        },
        "0;10": {
            "type": "grass",
            "variant": 7,
            "pos": [
                0,
                10
            ]
        },
        "0;11": {
            "type": "grass",
            "variant": 7,
            "pos": [
                0,
                11
            ]
        },
        "0;12": {
            "type": "grass",
            "variant": 7,
            "pos": [
                0,
                12
            ]
        },
        "0;13": {
            "type": "grass",
            "variant": 7,
            "pos": [
                0,
                13
            ]
        },
        "-1;13": {
            "type": "grass",
            "variant": 7,
            "pos": [
                -1,
                13
            ]
        },
        "-1;12": {
            "type": "grass",
            "variant": 7,
            "pos": [
                -1,
                12
            ]
        },
        "-1;11": {
            "type": "grass",
            "variant": 7,
            "pos": [
                -1,
                11
            ]
        },
        "-2;11": {
            "type": "grass",
            "variant": 7,
            "pos": [
                -2,
                11
            ]
        },
        "-2;12": {
            "type": "grass",
            "variant": 7,
            "pos": [
                -2,
                12
            ]
        },
        "-2;13": {
            "type": "grass",
            "variant": 7,
            "pos": [
                -2,
                13
            ]
        },
        "-3;13": {
            "type": "grass",
            "variant": 7,
            "pos": [
                -3,
                13
            ]
        },
        "-4;13": {
            "type": "grass",
            "variant": 7,
            "pos": [
                -4,
                13
            ]
        },
        "-5;13": {
            "type": "grass",
            "variant": 7,
            "pos": [
                -5,
                13
            ]
        },
        "-5;12": {
            "type": "grass",
            "variant": 7,
            "pos": [
                -5,
                12
            ]
        },
        "-4;12": {
            "type": "grass",
            "variant": 7,
            "pos": [
                -4,
                12
            ]
        },
        "-4;11": {
            "type": "grass",
            "variant": 7,
            "pos": [
                -4,
                11
            ]
        },
        "-3;11": {
            "type": "grass",
            "variant": 7,
            "pos": [
                -3,
                11
            ]
        },
        "-3;12": {
            "type": "grass",
            "variant": 7,
            "pos": [
                -3,
                12
            ]
        },
        "-5;10": {
            "type": "grass",
            "variant": 7,
            "pos": [
                -5,
                10
            ]
        },
        "-5;9": {
            "type": "grass",
            "variant": 7,
            "pos": [
                -5,
                9
            ]
        },
        "-5;8": {
            "type": "grass",
            "variant": 7,
            "pos": [
                -5,
                8
            ]
        },
        "-5;11": {
            "type": "grass",
            "variant": 7,
            "pos": [
                -5,
                11
            ]
        },
        "-4;9": {
            "type": "grass",
            "variant": 7,
            "pos": [
                -4,
                9
            ]
        },
        "-4;8": {
            "type": "grass",
            "variant": 7,
            "pos": [
                -4,
                8
            ]
        },
        "-5;7": {
            "type": "grass",
            "variant": 7,
            "pos": [
                -5,
                7
            ]
        },
        "-5;6": {
            "type": "grass",
            "variant": 7,
            "pos": [
                -5,
                6
            ]
        },
        "-6;7": {
            "type": "grass",
            "variant": 7,
            "pos": [
                -6,
                7
            ]
        },
        "-6;8": {
            "type": "grass",
            "variant": 7,
            "pos": [
                -6,
                8
            ]
        },
        "-6;6": {
            "type": "grass",
            "variant": 7,
            "pos": [
                -6,
                6
            ]
        },
        "-5;4": {
            "type": "grass",
            "variant": 7,
            "pos": [
                -5,
                4
            ]
        },
        "-4;4": {
            "type": "grass",
            "variant": 7,
            "pos": [
                -4,
                4
            ]
        },
        "-3;4": {
            "type": "grass",
            "variant": 7,
            "pos": [
                -3,
                4
            ]
        },
        "-1;9": {
            "type": "grass",
            "variant": 7,
            "pos": [
                -1,
                9
            ]
        },
        "-1;10": {
            "type": "grass",
            "variant": 7,
            "pos": [
                -1,
                10
            ]
        },
        "-2;9": {
            "type": "grass",
            "variant": 7,
            "pos": [
                -2,
                9
            ]
        },
        "-2;10": {
            "type": "grass",
            "variant": 7,
            "pos": [
                -2,
                10
            ]
        },
        "-3;10": {
            "type": "grass",
            "variant": 7,
            "pos": [
                -3,
                10
            ]
        },
        "-4;10": {
            "type": "grass",
            "variant": 7,
            "pos": [
                -4,
                10
            ]
        },
        "-3;7": {
            "type": "grass",
            "variant": 7,
            "pos": [
                -3,
                7
            ]
        },
        "-3;6": {
            "type": "grass",
            "variant": 7,
            "pos": [
                -3,
                6
            ]
        },
        "-3;5": {
            "type": "grass",
            "variant": 7,
            "pos": [
                -3,
                5
            ]
        },
        "-3;8": {
            "type": "grass",
            "variant": 7,
            "pos": [
                -3,
                8
            ]
        },
        "-3;9": {
            "type": "grass",
            "variant": 7,
            "pos": [
                -3,
                9
            ]
        },
        "-4;7": {
            "type": "grass",
            "variant": 7,
            "pos": [
                -4,
                7
            ]
        },
        "-4;6": {
            "type": "grass",
            "variant": 7,
            "pos": [
                -4,
                6
            ]
        },
        "-4;5": {
            "type": "grass",
            "variant": 7,
            "pos": [
                -4,
                5
            ]
        },
        "-5;5": {
            "type": "grass",
            "variant": 7,
            "pos": [
                -5,
                5
            ]
        },
        "1;8": {
            "type": "grass",
            "variant": 12,
            "pos": [
                1,
                8
            ]
        },
        "0;8": {
            "type": "grass",
            "variant": 12,
            "pos": [
                0,
                8
            ]
        },
        "-1;8": {
            "type": "grass",
            "variant": 8,
            "pos": [
                -1,
                8
            ]
        },
        "-1;7": {
            "type": "grass",
            "variant": 11,
            "pos": [
                -1,
                7
            ]
        },
        "-2;7": {
            "type": "grass",
            "variant": 8,
            "pos": [
                -2,
                7
            ]
        },
        "-2;6": {
            "type": "grass",
            "variant": 6,
            "pos": [
                -2,
                6
            ]
        },
        "-2;5": {
            "type": "grass",
            "variant": 6,
            "pos": [
                -2,
                5
            ]
        },
        "-2;4": {
            "type": "grass",
            "variant": 3,
            "pos": [
                -2,
                4
            ]
        },
        "-1;4": {
            "type": "grass",
            "variant": 1,
            "pos": [
                -1,
                4
            ]
        },
        "-1;3": {
            "type": "grass",
            "variant": 3,
            "pos": [
                -1,
                3
            ]
        },
        "0;3": {
            "type": "grass",
            "variant": 1,
            "pos": [
                0,
                3
            ]
        },
        "0;2": {
            "type": "grass",
            "variant": 3,
            "pos": [
                0,
                2
            ]
        },
        "1;2": {
            "type": "grass",
            "variant": 2,
            "pos": [
                1,
                2
            ]
        },
        "2;2": {
            "type": "grass",
            "variant": 1,
            "pos": [
                2,
                2
            ]
        },
        "4;0": {
            "type": "grass",
            "variant": 11,
            "pos": [
                4,
                0
            ]
        },
        "2;1": {
            "type": "grass",
            "variant": 3,
            "pos": [
                2,
                1
            ]
        },
        "4;1": {
            "type": "grass",
            "variant": 1,
            "pos": [
                4,
                1
            ]
        },
        "3;1": {
            "type": "grass",
            "variant": 2,
            "pos": [
                3,
                1
            ]
        },
        "3;0": {
            "type": "grass",
            "variant": 12,
            "pos": [
                3,
                0
            ]
        },
        "2;0": {
            "type": "grass",
            "variant": 12,
            "pos": [
                2,
                0
            ]
        },
        "1;0": {
            "type": "grass",
            "variant": 12,
            "pos": [
                1,
                0
            ]
        },
        "0;0": {
            "type": "grass",
            "variant": 12,
            "pos": [
                0,
                0
            ]
        },
        "-1;0": {
            "type": "grass",
            "variant": 12,
            "pos": [
                -1,
                0
            ]
        },
        "-2;0": {
            "type": "grass",
            "variant": 12,
            "pos": [
                -2,
                0
            ]
        },
        "-3;0": {
            "type": "grass",
            "variant": 10,
            "pos": [
                -3,
                0
            ]
        },
        "-4;1": {
            "type": "grass",
            "variant": 12,
            "pos": [
                -4,
                1
            ]
        },
        "-5;1": {
            "type": "grass",
            "variant": 12,
            "pos": [
                -5,
                1
            ]
        },
        "-6;1": {
            "type": "grass",
            "variant": 12,
            "pos": [
                -6,
                1
            ]
        },
        "-7;1": {
            "type": "grass",
            "variant": 12,
            "pos": [
                -7,
                1
            ]
        },
        "-3;1": {
            "type": "grass",
            "variant": 9,
            "pos": [
                -3,
                1
            ]
        },
        "1;1": {
            "type": "grass",
            "variant": 7,
            "pos": [
                1,
                1
            ]
        },
        "0;1": {
            "type": "grass",
            "variant": 7,
            "pos": [
                0,
                1
            ]
        },
        "-1;1": {
            "type": "grass",
            "variant": 7,
            "pos": [
                -1,
                1
            ]
        },
        "-2;1": {
            "type": "grass",
            "variant": 7,
            "pos": [
                -2,
                1
            ]
        },
        "-2;2": {
            "type": "grass",
            "variant": 7,
            "pos": [
                -2,
                2
            ]
        },
        "-1;2": {
            "type": "grass",
            "variant": 7,
            "pos": [
                -1,
                2
            ]
        },
        "-2;3": {
            "type": "grass",
            "variant": 7,
            "pos": [
                -2,
                3
            ]
        },
        "-3;2": {
            "type": "grass",
            "variant": 7,
            "pos": [
                -3,
                2
            ]
        },
        "-4;2": {
            "type": "grass",
            "variant": 7,
            "pos": [
                -4,
                2
            ]
        },
        "-5;2": {
            "type": "grass",
            "variant": 7,
            "pos": [
                -5,
                2
            ]
        },
        "-7;2": {
            "type": "grass",
            "variant": 7,
            "pos": [
                -7,
                2
            ]
        },
        "-6;2": {
            "type": "grass",
            "variant": 7,
            "pos": [
                -6,
                2
            ]
        },
        "-2;8": {
            "type": "grass",
            "variant": 7,
            "pos": [
                -2,
                8
            ]
        },
        "19;7": {
            "type": "grass",
            "variant": 9,
            "pos": [
                19,
                7
            ]
        },
        "19;6": {
            "type": "grass",
            "variant": 10,
            "pos": [
                19,
                6
            ]
        },
        "20;6": {
            "type": "grass",
            "variant": 12,
            "pos": [
                20,
                6
            ]
        },
        "21;6": {
            "type": "grass",
            "variant": 12,
            "pos": [
                21,
                6
            ]
        },
        "22;6": {
            "type": "grass",
            "variant": 12,
            "pos": [
                22,
                6
            ]
        },
        "23;6": {
            "type": "grass",
            "variant": 12,
            "pos": [
                23,
                6
            ]
        },
        "24;6": {
            "type": "grass",
            "variant": 12,
            "pos": [
                24,
                6
            ]
        },
        "25;6": {
            "type": "grass",
            "variant": 12,
            "pos": [
                25,
                6
            ]
        },
        "26;6": {
            "type": "grass",
            "variant": 12,
            "pos": [
                26,
                6
            ]
        },
        "27;6": {
            "type": "grass",
            "variant": 12,
            "pos": [
                27,
                6
            ]
        },
        "28;6": {
            "type": "grass",
            "variant": 12,
            "pos": [
                28,
                6
            ]
        },
        "20;7": {
            "type": "grass",
            "variant": 7,
            "pos": [
                20,
                7
            ]
        },
        "21;7": {
            "type": "grass",
            "variant": 7,
            "pos": [
                21,
                7
            ]
        },
        "22;7": {
            "type": "grass",
            "variant": 7,
            "pos": [
                22,
                7
            ]
        },
        "23;7": {
            "type": "grass",
            "variant": 7,
            "pos": [
                23,
                7
            ]
        },
        "24;7": {
            "type": "grass",
            "variant": 7,
            "pos": [
                24,
                7
            ]
        },
        "25;7": {
            "type": "grass",
            "variant": 7,
            "pos": [
                25,
                7
            ]
        },
        "26;7": {
            "type": "grass",
            "variant": 7,
            "pos": [
                26,
                7
            ]
        },
        "27;7": {
            "type": "grass",
            "variant": 7,
            "pos": [
                27,
                7
            ]
        },
        "28;7": {
            "type": "grass",
            "variant": 7,
            "pos": [
                28,
                7
            ]
        },
        "28;8": {
            "type": "grass",
            "variant": 7,
            "pos": [
                28,
                8
            ]
        },
        "27;9": {
            "type": "grass",
            "variant": 7,
            "pos": [
                27,
                9
            ]
        },
        "27;10": {
            "type": "grass",
            "variant": 7,
            "pos": [
                27,
                10
            ]
        },
        "27;11": {
            "type": "grass",
            "variant": 7,
            "pos": [
                27,
                11
            ]
        },
        "27;12": {
            "type": "grass",
            "variant": 7,
            "pos": [
                27,
                12
            ]
        },
        "27;13": {
            "type": "grass",
            "variant": 7,
            "pos": [
                27,
                13
            ]
        },
        "27;14": {
            "type": "grass",
            "variant": 7,
            "pos": [
                27,
                14
            ]
        },
        "28;14": {
            "type": "grass",
            "variant": 7,
            "pos": [
                28,
                14
            ]
        },
        "28;13": {
            "type": "grass",
            "variant": 7,
            "pos": [
                28,
                13
            ]
        },
        "28;12": {
            "type": "grass",
            "variant": 7,
            "pos": [
                28,
                12
            ]
        },
        "28;11": {
            "type": "grass",
            "variant": 7,
            "pos": [
                28,
                11
            ]
        },
        "28;10": {
            "type": "grass",
            "variant": 7,
            "pos": [
                28,
                10
            ]
        },
        "28;9": {
            "type": "grass",
            "variant": 7,
            "pos": [
                28,
                9
            ]
        },
        "26;9": {
            "type": "grass",
            "variant": 7,
            "pos": [
                26,
                9
            ]
        },
        "26;8": {
            "type": "grass",
            "variant": 7,
            "pos": [
                26,
                8
            ]
        },
        "25;8": {
            "type": "grass",
            "variant": 7,
            "pos": [
                25,
                8
            ]
        },
        "27;8": {
            "type": "grass",
            "variant": 7,
            "pos": [
                27,
                8
            ]
        },
        "24;8": {
            "type": "grass",
            "variant": 7,
            "pos": [
                24,
                8
            ]
        },
        "23;8": {
            "type": "grass",
            "variant": 7,
            "pos": [
                23,
                8
            ]
        },
        "22;8": {
            "type": "grass",
            "variant": 7,
            "pos": [
                22,
                8
            ]
        },
        "21;8": {
            "type": "grass",
            "variant": 7,
            "pos": [
                21,
                8
            ]
        },
        "21;9": {
            "type": "grass",
            "variant": 7,
            "pos": [
                21,
                9
            ]
        },
        "21;10": {
            "type": "grass",
            "variant": 7,
            "pos": [
                21,
                10
            ]
        },
        "21;11": {
            "type": "grass",
            "variant": 7,
            "pos": [
                21,
                11
            ]
        },
        "22;11": {
            "type": "grass",
            "variant": 7,
            "pos": [
                22,
                11
            ]
        },
        "22;12": {
            "type": "grass",
            "variant": 7,
            "pos": [
                22,
                12
            ]
        },
        "23;12": {
            "type": "grass",
            "variant": 7,
            "pos": [
                23,
                12
            ]
        },
        "24;12": {
            "type": "grass",
            "variant": 7,
            "pos": [
                24,
                12
            ]
        },
        "25;12": {
            "type": "grass",
            "variant": 7,
            "pos": [
                25,
                12
            ]
        },
        "26;12": {
            "type": "grass",
            "variant": 7,
            "pos": [
                26,
                12
            ]
        },
        "26;13": {
            "type": "grass",
            "variant": 7,
            "pos": [
                26,
                13
            ]
        },
        "26;14": {
            "type": "grass",
            "variant": 7,
            "pos": [
                26,
                14
            ]
        },
        "25;14": {
            "type": "grass",
            "variant": 7,
            "pos": [
                25,
                14
            ]
        },
        "24;14": {
            "type": "grass",
            "variant": 7,
            "pos": [
                24,
                14
            ]
        },
        "23;14": {
            "type": "grass",
            "variant": 7,
            "pos": [
                23,
                14
            ]
        },
        "22;14": {
            "type": "grass",
            "variant": 7,
            "pos": [
                22,
                14
            ]
        },
        "21;14": {
            "type": "grass",
            "variant": 7,
            "pos": [
                21,
                14
            ]
        },
        "21;13": {
            "type": "grass",
            "variant": 7,
            "pos": [
                21,
                13
            ]
        },
        "21;12": {
            "type": "grass",
            "variant": 7,
            "pos": [
                21,
                12
            ]
        },
        "23;13": {
            "type": "grass",
            "variant": 7,
            "pos": [
                23,
                13
            ]
        },
        "24;13": {
            "type": "grass",
            "variant": 7,
            "pos": [
                24,
                13
            ]
        },
        "25;13": {
            "type": "grass",
            "variant": 7,
            "pos": [
                25,
                13
            ]
        },
        "22;13": {
            "type": "grass",
            "variant": 7,
            "pos": [
                22,
                13
            ]
        },
        "24;11": {
            "type": "grass",
            "variant": 7,
            "pos": [
                24,
                11
            ]
        },
        "25;11": {
            "type": "grass",
            "variant": 7,
            "pos": [
                25,
                11
            ]
        },
        "26;11": {
            "type": "grass",
            "variant": 7,
            "pos": [
                26,
                11
            ]
        },
        "24;10": {
            "type": "grass",
            "variant": 7,
            "pos": [
                24,
                10
            ]
        },
        "23;10": {
            "type": "grass",
            "variant": 7,
            "pos": [
                23,
                10
            ]
        },
        "23;9": {
            "type": "grass",
            "variant": 7,
            "pos": [
                23,
                9
            ]
        },
        "24;9": {
            "type": "grass",
            "variant": 7,
            "pos": [
                24,
                9
            ]
        },
        "25;9": {
            "type": "grass",
            "variant": 7,
            "pos": [
                25,
                9
            ]
        },
        "26;10": {
            "type": "grass",
            "variant": 7,
            "pos": [
                26,
                10
            ]
        },
        "23;11": {
            "type": "grass",
            "variant": 7,
            "pos": [
                23,
                11
            ]
        },
        "22;10": {
            "type": "grass",
            "variant": 7,
            "pos": [
                22,
                10
            ]
        },
        "22;9": {
            "type": "grass",
            "variant": 7,
            "pos": [
                22,
                9
            ]
        },
        "25;10": {
            "type": "grass",
            "variant": 7,
            "pos": [
                25,
                10
            ]
        },
        "28;15": {
            "type": "grass",
            "variant": 7,
            "pos": [
                28,
                15
            ]
        },
        "27;15": {
            "type": "grass",
            "variant": 7,
            "pos": [
                27,
                15
            ]
        },
        "26;15": {
            "type": "grass",
            "variant": 7,
            "pos": [
                26,
                15
            ]
        },
        "25;15": {
            "type": "grass",
            "variant": 7,
            "pos": [
                25,
                15
            ]
        },
        "24;15": {
            "type": "grass",
            "variant": 7,
            "pos": [
                24,
                15
            ]
        },
        "23;15": {
            "type": "grass",
            "variant": 7,
            "pos": [
                23,
                15
            ]
        },
        "22;15": {
            "type": "grass",
            "variant": 7,
            "pos": [
                22,
                15
            ]
        },
        "21;15": {
            "type": "grass",
            "variant": 7,
            "pos": [
                21,
                15
            ]
        },
        "20;15": {
            "type": "grass",
            "variant": 7,
            "pos": [
                20,
                15
            ]
        },
        "19;15": {
            "type": "grass",
            "variant": 7,
            "pos": [
                19,
                15
            ]
        },
        "18;15": {
            "type": "grass",
            "variant": 7,
            "pos": [
                18,
                15
            ]
        },
        "17;15": {
            "type": "grass",
            "variant": 7,
            "pos": [
                17,
                15
            ]
        },
        "16;15": {
            "type": "grass",
            "variant": 7,
            "pos": [
                16,
                15
            ]
        },
        "15;15": {
            "type": "grass",
            "variant": 7,
            "pos": [
                15,
                15
            ]
        },
        "14;15": {
            "type": "grass",
            "variant": 7,
            "pos": [
                14,
                15
            ]
        },
        "13;15": {
            "type": "grass",
            "variant": 7,
            "pos": [
                13,
                15
            ]
        },
        "12;15": {
            "type": "grass",
            "variant": 7,
            "pos": [
                12,
                15
            ]
        },
        "11;15": {
            "type": "grass",
            "variant": 7,
            "pos": [
                11,
                15
            ]
        },
        "10;15": {
            "type": "grass",
            "variant": 7,
            "pos": [
                10,
                15
            ]
        },
        "9;15": {
            "type": "grass",
            "variant": 7,
            "pos": [
                9,
                15
            ]
        },
        "8;15": {
            "type": "grass",
            "variant": 7,
            "pos": [
                8,
                15
            ]
        },
        "7;15": {
            "type": "grass",
            "variant": 7,
            "pos": [
                7,
                15
            ]
        },
        "6;15": {
            "type": "grass",
            "variant": 7,
            "pos": [
                6,
                15
            ]
        },
        "5;15": {
            "type": "grass",
            "variant": 7,
            "pos": [
                5,
                15
            ]
        },
        "4;15": {
            "type": "grass",
            "variant": 7,
            "pos": [
                4,
                15
            ]
        },
        "3;15": {
            "type": "grass",
            "variant": 7,
            "pos": [
                3,
                15
            ]
        },
        "2;15": {
            "type": "grass",
            "variant": 7,
            "pos": [
                2,
                15
            ]
        },
        "1;15": {
            "type": "grass",
            "variant": 7,
            "pos": [
                1,
                15
            ]
        },
        "0;15": {
            "type": "grass",
            "variant": 7,
            "pos": [
                0,
                15
            ]
        },
        "-1;15": {
            "type": "grass",
            "variant": 7,
            "pos": [
                -1,
                15
            ]
        },
        "-2;15": {
            "type": "grass",
            "variant": 7,
            "pos": [
                -2,
                15
            ]
        },
        "-3;15": {
            "type": "grass",
            "variant": 7,
            "pos": [
                -3,
                15
            ]
        },
        "-4;15": {
            "type": "grass",
            "variant": 7,
            "pos": [
                -4,
                15
            ]
        },
        "-5;15": {
            "type": "grass",
            "variant": 7,
            "pos": [
                -5,
                15
            ]
        },
        "-6;15": {
            "type": "grass",
            "variant": 7,
            "pos": [
                -6,
                15
            ]
        },
        "-7;15": {
            "type": "grass",
            "variant": 7,
            "pos": [
                -7,
                15
            ]
        },
        "-7;16": {
            "type": "grass",
            "variant": 7,
            "pos": [
                -7,
                16
            ]
        },
        "-7;17": {
            "type": "grass",
            "variant": 7,
            "pos": [
                -7,
                17
            ]
        },
        "-6;17": {
            "type": "grass",
            "variant": 7,
            "pos": [
                -6,
                17
            ]
        },
        "-5;17": {
            "type": "grass",
            "variant": 7,
            "pos": [
                -5,
                17
            ]
        },
        "-5;16": {
            "type": "grass",
            "variant": 7,
            "pos": [
                -5,
                16
            ]
        },
        "-4;16": {
            "type": "grass",
            "variant": 7,
            "pos": [
                -4,
                16
            ]
        },
        "-3;16": {
            "type": "grass",
            "variant": 7,
            "pos": [
                -3,
                16
            ]
        },
        "-6;16": {
            "type": "grass",
            "variant": 7,
            "pos": [
                -6,
                16
            ]
        },
        "-4;17": {
            "type": "grass",
            "variant": 7,
            "pos": [
                -4,
                17
            ]
        },
        "-3;17": {
            "type": "grass",
            "variant": 7,
            "pos": [
                -3,
                17
            ]
        },
        "-2;17": {
            "type": "grass",
            "variant": 7,
            "pos": [
                -2,
                17
            ]
        },
        "-1;17": {
            "type": "grass",
            "variant": 7,
            "pos": [
                -1,
                17
            ]
        },
        "0;17": {
            "type": "grass",
            "variant": 7,
            "pos": [
                0,
                17
            ]
        },
        "1;17": {
            "type": "grass",
            "variant": 7,
            "pos": [
                1,
                17
            ]
        },
        "2;17": {
            "type": "grass",
            "variant": 7,
            "pos": [
                2,
                17
            ]
        },
        "3;17": {
            "type": "grass",
            "variant": 7,
            "pos": [
                3,
                17
            ]
        },
        "4;17": {
            "type": "grass",
            "variant": 7,
            "pos": [
                4,
                17
            ]
        },
        "5;17": {
            "type": "grass",
            "variant": 7,
            "pos": [
                5,
                17
            ]
        },
        "6;17": {
            "type": "grass",
            "variant": 7,
            "pos": [
                6,
                17
            ]
        },
        "7;17": {
            "type": "grass",
            "variant": 7,
            "pos": [
                7,
                17
            ]
        },
        "8;17": {
            "type": "grass",
            "variant": 7,
            "pos": [
                8,
                17
            ]
        },
        "9;17": {
            "type": "grass",
            "variant": 7,
            "pos": [
                9,
                17
            ]
        },
        "10;17": {
            "type": "grass",
            "variant": 7,
            "pos": [
                10,
                17
            ]
        },
        "11;17": {
            "type": "grass",
            "variant": 7,
            "pos": [
                11,
                17
            ]
        },
        "12;17": {
            "type": "grass",
            "variant": 7,
            "pos": [
                12,
                17
            ]
        },
        "13;17": {
            "type": "grass",
            "variant": 7,
            "pos": [
                13,
                17
            ]
        },
        "14;17": {
            "type": "grass",
            "variant": 7,
            "pos": [
                14,
                17
            ]
        },
        "15;17": {
            "type": "grass",
            "variant": 7,
            "pos": [
                15,
                17
            ]
        },
        "16;17": {
            "type": "grass",
            "variant": 7,
            "pos": [
                16,
                17
            ]
        },
        "17;17": {
            "type": "grass",
            "variant": 7,
            "pos": [
                17,
                17
            ]
        },
        "18;17": {
            "type": "grass",
            "variant": 7,
            "pos": [
                18,
                17
            ]
        },
        "19;17": {
            "type": "grass",
            "variant": 7,
            "pos": [
                19,
                17
            ]
        },
        "20;17": {
            "type": "grass",
            "variant": 7,
            "pos": [
                20,
                17
            ]
        },
        "21;17": {
            "type": "grass",
            "variant": 7,
            "pos": [
                21,
                17
            ]
        },
        "22;17": {
            "type": "grass",
            "variant": 7,
            "pos": [
                22,
                17
            ]
        },
        "23;17": {
            "type": "grass",
            "variant": 7,
            "pos": [
                23,
                17
            ]
        },
        "24;17": {
            "type": "grass",
            "variant": 7,
            "pos": [
                24,
                17
            ]
        },
        "25;17": {
            "type": "grass",
            "variant": 7,
            "pos": [
                25,
                17
            ]
        },
        "26;17": {
            "type": "grass",
            "variant": 7,
            "pos": [
                26,
                17
            ]
        },
        "27;17": {
            "type": "grass",
            "variant": 7,
            "pos": [
                27,
                17
            ]
        },
        "28;17": {
            "type": "grass",
            "variant": 7,
            "pos": [
                28,
                17
            ]
        },
        "28;16": {
            "type": "grass",
            "variant": 7,
            "pos": [
                28,
                16
            ]
        },
        "27;16": {
            "type": "grass",
            "variant": 7,
            "pos": [
                27,
                16
            ]
        },
        "26;16": {
            "type": "grass",
            "variant": 7,
            "pos": [
                26,
                16
            ]
        },
        "25;16": {
            "type": "grass",
            "variant": 7,
            "pos": [
                25,
                16
            ]
        },
        "24;16": {
            "type": "grass",
            "variant": 7,
            "pos": [
                24,
                16
            ]
        },
        "23;16": {
            "type": "grass",
            "variant": 7,
            "pos": [
                23,
                16
            ]
        },
        "22;16": {
            "type": "grass",
            "variant": 7,
            "pos": [
                22,
                16
            ]
        },
        "21;16": {
            "type": "grass",
            "variant": 7,
            "pos": [
                21,
                16
            ]
        },
        "20;16": {
            "type": "grass",
            "variant": 7,
            "pos": [
                20,
                16
            ]
        },
        "19;16": {
            "type": "grass",
            "variant": 7,
            "pos": [
                19,
                16
            ]
        },
        "18;16": {
            "type": "grass",
            "variant": 7,
            "pos": [
                18,
                16
            ]
        },
        "17;16": {
            "type": "grass",
            "variant": 7,
            "pos": [
                17,
                16
            ]
        },
        "16;16": {
            "type": "grass",
            "variant": 7,
            "pos": [
                16,
                16
            ]
        },
        "15;16": {
            "type": "grass",
            "variant": 7,
            "pos": [
                15,
                16
            ]
        },
        "14;16": {
            "type": "grass",
            "variant": 7,
            "pos": [
                14,
                16
            ]
        },
        "13;16": {
            "type": "grass",
            "variant": 7,
            "pos": [
                13,
                16
            ]
        },
        "12;16": {
            "type": "grass",
            "variant": 7,
            "pos": [
                12,
                16
            ]
        },
        "11;16": {
            "type": "grass",
            "variant": 7,
            "pos": [
                11,
                16
            ]
        },
        "10;16": {
            "type": "grass",
            "variant": 7,
            "pos": [
                10,
                16
            ]
        },
        "9;16": {
            "type": "grass",
            "variant": 7,
            "pos": [
                9,
                16
            ]
        },
        "8;16": {
            "type": "grass",
            "variant": 7,
            "pos": [
                8,
                16
            ]
        },
        "7;16": {
            "type": "grass",
            "variant": 7,
            "pos": [
                7,
                16
            ]
        },
        "6;16": {
            "type": "grass",
            "variant": 7,
            "pos": [
                6,
                16
            ]
        },
        "5;16": {
            "type": "grass",
            "variant": 7,
            "pos": [
                5,
                16
            ]
        },
        "4;16": {
            "type": "grass",
            "variant": 7,
            "pos": [
                4,
                16
            ]
        },
        "3;16": {
            "type": "grass",
            "variant": 7,
            "pos": [
                3,
                16
            ]
        },
        "2;16": {
            "type": "grass",
            "variant": 7,
            "pos": [
                2,
                16
            ]
        },
        "1;16": {
            "type": "grass",
            "variant": 7,
            "pos": [
                1,
                16
            ]
        },
        "0;16": {
            "type": "grass",
            "variant": 7,
            "pos": [
                0,
                16
            ]
        },
        "-1;16": {
            "type": "grass",
            "variant": 7,
            "pos": [
                -1,
                16
            ]
        },
        "-2;16": {
            "type": "grass",
            "variant": 7,
            "pos": [
                -2,
                16
            ]
        },
        "2;7": {
            "type": "decor",
            "variant": 1,
            "pos": [
                2,
                7
            ]
        },
        "-1;6": {
            "type": "decor",
            "variant": 1,
            "pos": [
                -1,
                6
            ]
        },
        "12;6": {
            "type": "decor",
            "variant": 1,
            "pos": [
                12,
                6
            ]
        },
        "16;6": {
            "type": "decor",
            "variant": 1,
            "pos": [
                16,
                6
            ]
        },
        "13;6": {
            "type": "decor",
            "variant": 0,
            "pos": [
                13,
                6
            ]
        },
        "21;5": {
            "type": "decor",
            "variant": 0,
            "pos": [
                21,
                5
            ]
        },
        "28;5": {
            "type": "decor",
            "variant": 0,
            "pos": [
                28,
                5
            ]
        },
        "22;5": {
            "type": "decor",
            "variant": 1,
            "pos": [
                22,
                5
            ]
        },
        "20;5": {
            "type": "decor",
            "variant": 1,
            "pos": [
                20,
                5
            ]
        },
        "27;5": {
            "type": "decor",
            "variant": 1,
            "pos": [
                27,
                5
            ]
        },
        "24;5": {
            "type": "decor",
            "variant": 1,
            "pos": [
                24,
                5
            ]
        },
        "9;7": {
            "type": "decor",
            "variant": 1,
            "pos": [
                9,
                7
            ]
        },
        "3;-1": {
            "type": "decor",
            "variant": 0,
            "pos": [
                3,
                -1
            ]
        },
        "2;-1": {
            "type": "decor",
            "variant": 1,
            "pos": [
                2,
                -1
            ]
        },
        "-1;-1": {
            "type": "decor",
            "variant": 1,
            "pos": [
                -1,
                -1
            ]
        },
        "-6;0": {
            "type": "decor",
            "variant": 1,
            "pos": [
                -6,
                0
            ]
        },
        "-8;1": {
            "type": "grass",
            "variant": 12,
            "pos": [
                -8,
                1
            ]
        },
        "-9;1": {
            "type": "grass",
            "variant": 10,
            "pos": [
                -9,
                1
            ]
        },
        "-9;2": {
            "type": "grass",
            "variant": 9,
            "pos": [
                -9,
                2
            ]
        },
        "-10;2": {
            "type": "grass",
            "variant": 12,
            "pos": [
                -10,
                2
            ]
        },
        "-11;2": {
            "type": "grass",
            "variant": 12,
            "pos": [
                -11,
                2
            ]
        },
        "-12;2": {
            "type": "grass",
            "variant": 12,
            "pos": [
                -12,
                2
            ]
        },
        "-13;2": {
            "type": "grass",
            "variant": 12,
            "pos": [
                -13,
                2
            ]
        },
        "-14;2": {
            "type": "grass",
            "variant": 12,
            "pos": [
                -14,
                2
            ]
        },
        "-15;2": {
            "type": "grass",
            "variant": 12,
            "pos": [
                -15,
                2
            ]
        },
        "-8;2": {
            "type": "grass",
            "variant": 7,
            "pos": [
                -8,
                2
            ]
        },
        "-8;3": {
            "type": "grass",
            "variant": 7,
            "pos": [
                -8,
                3
            ]
        },
        "-9;3": {
            "type": "grass",
            "variant": 7,
            "pos": [
                -9,
                3
            ]
        },
        "-10;3": {
            "type": "grass",
            "variant": 7,
            "pos": [
                -10,
                3
            ]
        },
        "-11;3": {
            "type": "grass",
            "variant": 7,
            "pos": [
                -11,
                3
            ]
        },
        "-12;3": {
            "type": "grass",
            "variant": 7,
            "pos": [
                -12,
                3
            ]
        },
        "-13;3": {
            "type": "grass",
            "variant": 7,
            "pos": [
                -13,
                3
            ]
        },
        "-14;3": {
            "type": "grass",
            "variant": 7,
            "pos": [
                -14,
                3
            ]
        },
        "-15;3": {
            "type": "grass",
            "variant": 7,
            "pos": [
                -15,
                3
            ]
        },
        "-15;4": {
            "type": "grass",
            "variant": 7,
            "pos": [
                -15,
                4
            ]
        },
        "-15;5": {
            "type": "grass",
            "variant": 7,
            "pos": [
                -15,
                5
            ]
        },
        "-15;6": {
            "type": "grass",
            "variant": 7,
            "pos": [
                -15,
                6
            ]
        },
        "-15;7": {
            "type": "grass",
            "variant": 7,
            "pos": [
                -15,
                7
            ]
        },
        "-15;8": {
            "type": "grass",
            "variant": 7,
            "pos": [
                -15,
                8
            ]
        },
        "-15;9": {
            "type": "grass",
            "variant": 7,
            "pos": [
                -15,
                9
            ]
        },
        "-15;10": {
            "type": "grass",
            "variant": 7,
            "pos": [
                -15,
                10
            ]
        },
        "-15;11": {
            "type": "grass",
            "variant": 7,
            "pos": [
                -15,
                11
            ]
        },
        "-15;12": {
            "type": "grass",
            "variant": 7,
            "pos": [
                -15,
                12
            ]
        },
        "-15;13": {
            "type": "grass",
            "variant": 7,
            "pos": [
                -15,
                13
            ]
        },
        "-15;14": {
            "type": "grass",
            "variant": 7,
            "pos": [
                -15,
                14
            ]
        },
        "-15;15": {
            "type": "grass",
            "variant": 7,
            "pos": [
                -15,
                15
            ]
        },
        "-15;16": {
            "type": "grass",
            "variant": 7,
            "pos": [
                -15,
                16
            ]
        },
        "-15;17": {
            "type": "grass",
            "variant": 7,
            "pos": [
                -15,
                17
            ]
        },
        "-14;17": {
            "type": "grass",
            "variant": 7,
            "pos": [
                -14,
                17
            ]
        },
        "-13;17": {
            "type": "grass",
            "variant": 7,
            "pos": [
                -13,
                17
            ]
        },
        "-12;17": {
            "type": "grass",
            "variant": 7,
            "pos": [
                -12,
                17
            ]
        },
        "-11;17": {
            "type": "grass",
            "variant": 7,
            "pos": [
                -11,
                17
            ]
        },
        "-8;17": {
            "type": "grass",
            "variant": 7,
            "pos": [
                -8,
                17
            ]
        },
        "-9;17": {
            "type": "grass",
            "variant": 7,
            "pos": [
                -9,
                17
            ]
        },
        "-9;16": {
            "type": "grass",
            "variant": 7,
            "pos": [
                -9,
                16
            ]
        },
        "-10;17": {
            "type": "grass",
            "variant": 7,
            "pos": [
                -10,
                17
            ]
        },
        "-8;16": {
            "type": "grass",
            "variant": 7,
            "pos": [
                -8,
                16
            ]
        },
        "-8;15": {
            "type": "grass",
            "variant": 7,
            "pos": [
                -8,
                15
            ]
        },
        "-8;14": {
            "type": "grass",
            "variant": 7,
            "pos": [
                -8,
                14
            ]
        },
        "-8;13": {
            "type": "grass",
            "variant": 7,
            "pos": [
                -8,
                13
            ]
        },
        "-8;12": {
            "type": "grass",
            "variant": 7,
            "pos": [
                -8,
                12
            ]
        },
        "-8;11": {
            "type": "grass",
            "variant": 7,
            "pos": [
                -8,
                11
            ]
        },
        "-8;10": {
            "type": "grass",
            "variant": 7,
            "pos": [
                -8,
                10
            ]
        },
        "-8;9": {
            "type": "grass",
            "variant": 7,
            "pos": [
                -8,
                9
            ]
        },
        "-8;8": {
            "type": "grass",
            "variant": 7,
            "pos": [
                -8,
                8
            ]
        },
        "-8;7": {
            "type": "grass",
            "variant": 7,
            "pos": [
                -8,
                7
            ]
        },
        "-8;6": {
            "type": "grass",
            "variant": 7,
            "pos": [
                -8,
                6
            ]
        },
        "-8;5": {
            "type": "grass",
            "variant": 7,
            "pos": [
                -8,
                5
            ]
        },
        "-8;4": {
            "type": "grass",
            "variant": 7,
            "pos": [
                -8,
                4
            ]
        },
        "-9;4": {
            "type": "grass",
            "variant": 7,
            "pos": [
                -9,
                4
            ]
        },
        "-10;4": {
            "type": "grass",
            "variant": 7,
            "pos": [
                -10,
                4
            ]
        },
        "-11;4": {
            "type": "grass",
            "variant": 7,
            "pos": [
                -11,
                4
            ]
        },
        "-12;4": {
            "type": "grass",
            "variant": 7,
            "pos": [
                -12,
                4
            ]
        },
        "-13;5": {
            "type": "grass",
            "variant": 7,
            "pos": [
                -13,
                5
            ]
        },
        "-13;4": {
            "type": "grass",
            "variant": 7,
            "pos": [
                -13,
                4
            ]
        },
        "-14;4": {
            "type": "grass",
            "variant": 7,
            "pos": [
                -14,
                4
            ]
        },
        "-14;5": {
            "type": "grass",
            "variant": 7,
            "pos": [
                -14,
                5
            ]
        },
        "-14;6": {
            "type": "grass",
            "variant": 7,
            "pos": [
                -14,
                6
            ]
        },
        "-14;7": {
            "type": "grass",
            "variant": 7,
            "pos": [
                -14,
                7
            ]
        },
        "-14;8": {
            "type": "grass",
            "variant": 7,
            "pos": [
                -14,
                8
            ]
        },
        "-14;9": {
            "type": "grass",
            "variant": 7,
            "pos": [
                -14,
                9
            ]
        },
        "-14;10": {
            "type": "grass",
            "variant": 7,
            "pos": [
                -14,
                10
            ]
        },
        "-14;11": {
            "type": "grass",
            "variant": 7,
            "pos": [
                -14,
                11
            ]
        },
        "-14;12": {
            "type": "grass",
            "variant": 7,
            "pos": [
                -14,
                12
            ]
        },
        "-13;13": {
            "type": "grass",
            "variant": 7,
            "pos": [
                -13,
                13
            ]
        },
        "-13;14": {
            "type": "grass",
            "variant": 7,
            "pos": [
                -13,
                14
            ]
        },
        "-13;15": {
            "type": "grass",
            "variant": 7,
            "pos": [
                -13,
                15
            ]
        },
        "-14;15": {
            "type": "grass",
            "variant": 7,
            "pos": [
                -14,
                15
            ]
        },
        "-14;16": {
            "type": "grass",
            "variant": 7,
            "pos": [
                -14,
                16
            ]
        },
        "-14;14": {
            "type": "grass",
            "variant": 7,
            "pos": [
                -14,
                14
            ]
        },
        "-14;13": {
            "type": "grass",
            "variant": 7,
            "pos": [
                -14,
                13
            ]
        },
        "-13;16": {
            "type": "grass",
            "variant": 7,
            "pos": [
                -13,
                16
            ]
        },
        "-12;16": {
            "type": "grass",
            "variant": 7,
            "pos": [
                -12,
                16
            ]
        },
        "-11;16": {
            "type": "grass",
            "variant": 7,
            "pos": [
                -11,
                16
            ]
        },
        "-11;15": {
            "type": "grass",
            "variant": 7,
            "pos": [
                -11,
                15
            ]
        },
        "-10;15": {
            "type": "grass",
            "variant": 7,
            "pos": [
                -10,
                15
            ]
        },
        "-10;16": {
            "type": "grass",
            "variant": 7,
            "pos": [
                -10,
                16
            ]
        },
        "-9;15": {
            "type": "grass",
            "variant": 7,
            "pos": [
                -9,
                15
            ]
        },
        "-9;14": {
            "type": "grass",
            "variant": 7,
            "pos": [
                -9,
                14
            ]
        },
        "-9;13": {
            "type": "grass",
            "variant": 7,
            "pos": [
                -9,
                13
            ]
        },
        "-9;12": {
            "type": "grass",
            "variant": 7,
            "pos": [
                -9,
                12
            ]
        },
        "-9;11": {
            "type": "grass",
            "variant": 7,
            "pos": [
                -9,
                11
            ]
        },
        "-10;10": {
            "type": "grass",
            "variant": 7,
            "pos": [
                -10,
                10
            ]
        },
        "-10;9": {
            "type": "grass",
            "variant": 7,
            "pos": [
                -10,
                9
            ]
        },
        "-10;8": {
            "type": "grass",
            "variant": 7,
            "pos": [
                -10,
                8
            ]
        },
        "-10;7": {
            "type": "grass",
            "variant": 7,
            "pos": [
                -10,
                7
            ]
        },
        "-10;6": {
            "type": "grass",
            "variant": 7,
            "pos": [
                -10,
                6
            ]
        },
        "-10;5": {
            "type": "grass",
            "variant": 7,
            "pos": [
                -10,
                5
            ]
        },
        "-9;5": {
            "type": "grass",
            "variant": 7,
            "pos": [
                -9,
                5
            ]
        },
        "-9;6": {
            "type": "grass",
            "variant": 7,
            "pos": [
                -9,
                6
            ]
        },
        "-9;9": {
            "type": "grass",
            "variant": 7,
            "pos": [
                -9,
                9
            ]
        },
        "-9;10": {
            "type": "grass",
            "variant": 7,
            "pos": [
                -9,
                10
            ]
        },
        "-10;11": {
            "type": "grass",
            "variant": 7,
            "pos": [
                -10,
                11
            ]
        },
        "-10;12": {
            "type": "grass",
            "variant": 7,
            "pos": [
                -10,
                12
            ]
        },
        "-10;13": {
            "type": "grass",
            "variant": 7,
            "pos": [
                -10,
                13
            ]
        },
        "-10;14": {
            "type": "grass",
            "variant": 7,
            "pos": [
                -10,
                14
            ]
        },
        "-12;15": {
            "type": "grass",
            "variant": 7,
            "pos": [
                -12,
                15
            ]
        },
        "-12;14": {
            "type": "grass",
            "variant": 7,
            "pos": [
                -12,
                14
            ]
        },
        "-12;13": {
            "type": "grass",
            "variant": 7,
            "pos": [
                -12,
                13
            ]
        },
        "-11;12": {
            "type": "grass",
            "variant": 7,
            "pos": [
                -11,
                12
            ]
        },
        "-11;11": {
            "type": "grass",
            "variant": 7,
            "pos": [
                -11,
                11
            ]
        },
        "-11;10": {
            "type": "grass",
            "variant": 7,
            "pos": [
                -11,
                10
            ]
        },
        "-11;9": {
            "type": "grass",
            "variant": 7,
            "pos": [
                -11,
                9
            ]
        },
        "-11;8": {
            "type": "grass",
            "variant": 7,
            "pos": [
                -11,
                8
            ]
        },
        "-11;7": {
            "type": "grass",
            "variant": 7,
            "pos": [
                -11,
                7
            ]
        },
        "-11;6": {
            "type": "grass",
            "variant": 7,
            "pos": [
                -11,
                6
            ]
        },
        "-11;5": {
            "type": "grass",
            "variant": 7,
            "pos": [
                -11,
                5
            ]
        },
        "-12;5": {
            "type": "grass",
            "variant": 7,
            "pos": [
                -12,
                5
            ]
        },
        "-12;6": {
            "type": "grass",
            "variant": 7,
            "pos": [
                -12,
                6
            ]
        },
        "-13;7": {
            "type": "grass",
            "variant": 7,
            "pos": [
                -13,
                7
            ]
        },
        "-13;8": {
            "type": "grass",
            "variant": 7,
            "pos": [
                -13,
                8
            ]
        },
        "-13;9": {
            "type": "grass",
            "variant": 7,
            "pos": [
                -13,
                9
            ]
        },
        "-13;10": {
            "type": "grass",
            "variant": 7,
            "pos": [
                -13,
                10
            ]
        },
        "-13;11": {
            "type": "grass",
            "variant": 7,
            "pos": [
                -13,
                11
            ]
        },
        "-13;12": {
            "type": "grass",
            "variant": 7,
            "pos": [
                -13,
                12
            ]
        },
        "-12;9": {
            "type": "grass",
            "variant": 7,
            "pos": [
                -12,
                9
            ]
        },
        "-12;8": {
            "type": "grass",
            "variant": 7,
            "pos": [
                -12,
                8
            ]
        },
        "-12;7": {
            "type": "grass",
            "variant": 7,
            "pos": [
                -12,
                7
            ]
        },
        "-13;6": {
            "type": "grass",
            "variant": 7,
            "pos": [
                -13,
                6
            ]
        },
        "-12;10": {
            "type": "grass",
            "variant": 7,
            "pos": [
                -12,
                10
            ]
        },
        "-12;11": {
            "type": "grass",
            "variant": 7,
            "pos": [
                -12,
                11
            ]
        },
        "-12;12": {
            "type": "grass",
            "variant": 7,
            "pos": [
                -12,
                12
            ]
        },
        "-11;14": {
            "type": "grass",
            "variant": 7,
            "pos": [
                -11,
                14
            ]
        },
        "-11;13": {
            "type": "grass",
            "variant": 7,
            "pos": [
                -11,
                13
            ]
        },
        "-9;8": {
            "type": "grass",
            "variant": 7,
            "pos": [
                -9,
                8
            ]
        },
        "-9;7": {
            "type": "grass",
            "variant": 7,
            "pos": [
                -9,
                7
            ]
        },
        "-14;1": {
            "type": "decor",
            "variant": 0,
            "pos": [
                -14,
                1
            ]
        },
        "-13;1": {
            "type": "decor",
            "variant": 1,
            "pos": [
                -13,
                1
            ]
        },
        "-11;1": {
            "type": "decor",
            "variant": 1,
            "pos": [
                -11,
                1
            ]
        },
        "-8;0": {
            "type": "decor",
            "variant": 0,
            "pos": [
                -8,
                0
            ]
        },
        "26;5": {
            "type": "mirror",
            "variant": 0,
            "pos": [
                26,
                5
            ]
        }
    },
    "tile_size": 16,
    "offgrid": [
        {
            "type": "large_decor",
            "variant": 0,
            "pos": [
                86.0,
                121.0
            ]
        },
        {
            "type": "large_decor",
            "variant": 1,
            "pos": [
                139.5,
                134.0
            ]
        },
        {
            "type": "large_decor",
            "variant": 2,
            "pos": [
                45.0,
                85.5
            ]
        },
        {
            "type": "large_decor",
            "variant": 2,
            "pos": [
                118.0,
                85.0
            ]
        },
        {
            "type": "large_decor",
            "variant": 0,
            "pos": [
                166.0,
                24.0
            ]
        },
        {
            "type": "checkpoint",
            "variant": 0,
            "pos": [
                165.5,
                129.5
            ]
        }
    ]
}
